station_number,report_code,year,month,day,dew_point,station_pressure,visibility,wind_speed,temperature,precipitation,snow_depth,fog,rain,hail,thunder,tornado
143080,34DDA7,2002,12,21,33.8,987.4,3.4,0.2,36,0,,1,1,1,1,1
766440,39537B,1998,10,1,72.7,1014.6,5.9,6.7,83.3,0,,0,0,0,0,0
176010,C3C6D5,2001,5,18,55.7,,7.3,4.3,69.1,0,,0,0,0,0,0
125600,145150,2007,10,14,33,,6.9,2.5,39.7,0,,0,0,0,0,0
470160,EF616A,1967,7,29,65.6,,9.2,1.2,72.4,0.04,,0,0,0,0,0
821930,1F8A7B,1953,6,18,72.8,1007.1,12.4,3.6,81.3,0,,0,0,0,0,0
478070,D028D8,1981,6,27,73.4,,7.9,3,77,1.93,,0,0,0,0,0
719200,C74611,1978,2,5,-4.4,962.9,14.9,13.3,1.6,0,9.8,0,0,0,0,0
477460,737090,1962,8,14,72.3,1009.6,24.1,5.1,84.5,0,,0,0,0,0,0
598550,C5C66E,2006,10,15,72.9,,14.2,1.7,82,0,,0,0,0,0,0
471100,6A6704,1990,9,19,50.5,,6,4.1,62.5,0,,0,0,0,0,0
29880,921894,1986,12,26,13.9,,6.6,14.7,16.8,0.02,8.7,0,0,0,0,0
292090,515EFF,1953,5,8,34.2,,,6,37.8,,,0,0,0,0,0
484750,A38C90,1988,6,24,72.6,,8.7,3.1,87.5,0,,0,0,0,0,0
724500,777F09,1988,3,28,47.2,958.1,13.6,18.3,63.1,0.01,,0,0,0,0,0
30110,85F8C2,2004,10,31,47.6,,,19.6,49.8,0,,0,0,0,0,0
410610,D6A909,1991,6,27,42.1,930.9,6.2,3.3,96.8,0,,0,0,0,0,0
724320,207979,1988,3,4,33.1,999.4,3.1,9.3,35.1,0.23,,1,1,1,1,1
941830,229317,2007,4,19,66.5,994.9,,4,76.3,0,,0,0,0,0,0
743920,2ABE7D,1996,5,21,57.6,,5.8,7.5,70,0,,1,1,1,1,1
150630,4ADE04,1996,12,10,28.3,990.4,4.9,3.9,32,0,,0,0,0,0,0
724460,B9B8B2,1986,10,2,64.2,976,5.5,6.5,65.4,0.61,,1,1,1,1,1
992210,34B1BD,2000,5,5,,1011.9,,14.6,45.4,0,,0,0,0,0,0
932920,EB6580,2009,5,17,52.1,,12.4,7.3,59.4,0,,0,0,0,0,0
986440,612C7C,1977,2,22,72,,20.5,5.6,81,0.01,,0,0,0,0,0
722788,2C7749,1995,10,16,35.6,,35,3.7,89.7,0,,0,0,0,0,0
700450,77D245,1985,11,4,-12.2,1023.7,6.2,16.3,-7.2,0,0.8,1,1,1,1,1
14060,4F2A37,1977,6,27,45,,29.2,3.8,51.8,0.12,,0,0,0,0,0
309610,F53B2B,1955,1,23,7.5,,3.3,6.5,15,0,,0,0,0,0,0
64700,267CCA,1977,9,1,56.7,,2.1,4.2,59.8,0,,1,1,1,1,1
384390,FA3477,1982,3,1,26.8,,10.8,13.9,35.6,0,,0,0,0,0,0
601270,860EF8,1976,12,23,41.9,959.2,10.5,2,46.9,0,,0,0,0,0,0
670090,DB4D98,1987,6,7,70.3,,16.8,14.6,80.8,0,,0,0,0,0,0
467650,76E895,1990,8,24,68.2,,6.8,4.1,73.9,0,,0,0,0,0,0
478150,45AEE3,1958,9,14,70.7,1008.3,10.5,4.6,76.3,0.02,,0,0,0,0,0
28010,423D51,2004,2,15,23.7,953.7,,6.6,26,0.02,26.4,0,0,0,0,0
985310,A79DEC,2007,7,31,77.6,,11.8,3.4,82.5,0,,0,0,0,0,0
874800,D49873,1990,2,13,67.5,,9,12.9,73.9,0.01,,0,0,0,0,0
576790,D16D35,1961,4,22,65.5,,7.6,5.1,70,,,0,0,0,0,0
702720,F74168,1957,6,1,43.8,1015.1,42,5.8,53.4,0,,0,0,0,0,0
802520,FBC4CC,1967,1,14,74.8,,14.3,0,79,0,,0,0,0,0,0
999999,FD6EC9,1959,10,22,8.8,969.9,39.1,1,15.6,0,,0,0,0,0,0
917650,DD0ADC,1982,6,5,67.4,1011.9,11.1,11.6,79.8,0,,0,0,0,0,0
710830,FC6047,2008,1,16,-13.7,990.6,0.4,21.9,-8.7,0.1,11.4,0,0,0,0,0
726450,280D00,1959,9,7,70.5,984.8,12.2,14.8,81.7,0,,0,0,0,0,0
870470,5C5192,1997,6,25,50.3,875,6.7,5.3,58.4,0,,0,0,0,0,0
604570,B35F0D,2002,3,31,46.9,,8.6,5.3,55.4,0,,0,0,0,0,0
948930,77A411,2006,12,21,60.1,1000.4,,18.4,68.1,0,,0,0,0,0,0
956240,614B2E,2002,4,20,55.5,,12.4,5.7,68.1,0,,0,0,0,0,0
10620,76080A,1958,11,2,7.7,,30.3,9.3,13,0.01,,0,0,0,0,0
889680,299DB3,2005,9,23,26.7,994.8,2.5,13,27.8,0,,1,1,1,1,1
117230,390AE6,1987,5,14,39.7,,7.8,7,47.6,0.07,,0,0,0,0,0
724505,A49553,2005,4,28,42.7,,6.8,11.2,55.4,0.42,,0,0,0,0,0
879250,3800BE,1984,4,21,34.5,,18.6,8.1,52.5,0,,0,0,0,0,0
308560,B8FF32,1948,3,11,,,7.6,2.2,15.1,,,1,1,1,1,1
215350,ACE19E,1991,4,9,-6.5,,5.5,25,-3.4,0.02,2.4,0,0,0,0,0
209730,A70AAE,1986,3,26,-19.8,,8.5,12.1,-13.8,0.03,4.7,0,0,0,0,0
999999,3B825A,1973,10,22,70.9,1010.9,10.9,17.3,80.9,0,,0,0,0,0,0
727348,6E453C,1993,1,20,,,11.3,6.6,26.4,0,,0,0,0,0,0
607350,95F4FB,1957,9,14,64.5,,7.8,5,81,0,,0,0,0,0,0
725068,69EB57,1949,3,5,33.4,1009.4,14.3,6.9,39.2,0,,0,0,0,0,0
21490,01CD56,2007,5,11,31.1,953.7,8.4,4.3,32.8,0.22,,0,0,0,0,0
470200,FB172D,1992,11,15,20.2,,8.5,1.2,23.6,0.02,,0,0,0,0,0
718410,8189BD,2004,4,25,28.3,970.7,,7.7,35.8,0,,0,0,0,0,0
702610,B4D5F1,1946,6,24,49.4,994.8,42.9,3.5,55.1,,,0,0,0,0,0
539150,BA917C,2001,6,16,54.4,,16.2,2.5,66.9,0.07,,0,0,0,0,0
727920,19FFC2,2009,5,29,45.2,,10,2.6,66.3,0.03,,0,0,0,0,0
266330,10DA9B,2006,11,16,43.3,999.7,6.2,3.1,46.8,0.02,,0,0,0,0,0
288860,985EF3,1986,3,26,14.4,,,2.4,16.6,0,14.6,0,0,0,0,0
999999,5316D0,1955,8,8,52.4,832.3,23.2,6.1,75.3,,,0,0,0,0,0
999999,58042F,1950,12,22,14.3,982.9,12.6,7.3,20.3,,,0,0,0,0,0
724010,411341,1986,7,3,60.1,1004.4,10.3,10.3,75.5,0,,0,0,0,0,0
836490,FDD59C,1974,10,18,72.3,,7,6.2,78.5,,,0,0,0,0,0
301380,F9C5C9,1955,6,24,55.3,,24.9,2.5,61.3,0,,0,0,0,0,0
61441,F444A6,1986,7,16,64.1,,4.2,8.4,67.9,0,,0,0,0,0,0
941470,D433F4,1983,4,25,,,,11.6,85,0.02,,0,0,0,0,0
478120,3B311C,1960,7,16,,1011.6,,4.8,79.7,0,,0,0,0,0,0
727676,E8897A,1993,2,16,-13.9,,17.4,9.8,-6.4,0,2,0,0,0,0,0
104390,5A2290,2003,10,8,42.1,987.1,9.5,8,48,,,0,0,0,0,0
72100,C4DF5F,2005,2,1,44.7,1034.4,,5.5,47.9,0,,0,0,0,0,0
727850,CC2773,1966,4,5,29.4,936.6,25.5,4.8,47.5,0,,0,0,0,0,0
509830,550568,1975,10,28,14,,10.8,11.9,25.1,0,,0,0,0,0,0
726487,B10B9D,1977,5,2,35,,18.6,5.3,52.7,0,,0,0,0,0,0
403750,A57AC4,2000,1,23,23.3,931.8,6.1,1.4,47.2,0,,0,0,0,0,0
833490,20A4FC,1988,9,12,69.3,,11.4,3,75.8,0.08,,0,0,0,0,0
233300,8AD765,1997,3,25,-12.9,1023.6,9.3,3.2,-8.1,0,14.6,0,0,0,0,0
35430,4D702A,1944,11,16,32.9,,0.4,7,33.8,0,,1,1,1,1,1
702986,5CD2F5,2000,12,10,25.3,,9.3,0.7,27.4,,,0,0,0,0,0
206740,F5C190,1970,7,8,31.3,,13.6,17.8,31.7,0,,1,1,1,1,1
725200,E3EEBD,1968,2,10,-1,962.6,10.7,13.7,7.7,,,0,0,0,0,0
260380,BE8D2A,2006,1,17,19.1,,7.2,10.6,23.1,0.01,0.4,0,0,0,0,0
280870,840E8C,1975,5,16,36.9,,6.1,6.9,37.9,0.2,,0,0,0,0,0
726516,77F233,2002,8,14,40.5,,10,8.4,75.4,0,,0,0,0,0,0
105360,5911B7,1982,7,19,51.9,,6.5,7.3,66.7,0,,0,0,0,0,0
67560,87656,1998,10,3,45,943.1,,1.5,49.3,0,,0,0,0,0,0
360610,7F8EFE,1988,5,27,33.9,,24.9,3.7,38.3,0.35,,0,0,0,0,0
714560,969FA9,1992,5,27,,,,,63.9,0,,0,0,0,0,0
994380,C44CBB,1988,10,5,,,,17.2,69,0,,0,0,0,0,0
27030,AAE874,2009,11,3,29.9,1013.4,,6.2,34,0,,0,0,0,0,0
725190,9A3DE0,1989,6,4,61.1,993.8,9,8.6,66.7,0.48,,1,1,1,1,1
35660,E8940E,1975,1,30,48.7,,8.5,13,52.4,,,0,0,0,0,0
638010,281EEA,2007,6,18,57.9,923.3,10.3,6.5,70,0,,0,0,0,0,0
106330,73EA8C,1992,8,17,57,,7,1.4,64.5,,,0,0,0,0,0
601850,387498,1983,12,30,52.6,,7.9,2.6,57.3,0,,0,0,0,0,0
349290,B1866C,1955,5,5,53.5,,6.8,6,59.5,0,,0,0,0,0,0
222320,EC4732,1978,5,31,30.6,,12.4,2.9,34.2,0.02,,0,0,0,0,0
949850,5A648C,2008,1,6,43.2,,13.7,9.2,64,0,,0,0,0,0,0
653060,BE40EE,1978,12,30,39.7,,4.9,5.4,78,0,,0,0,0,0,0
82310,E71283,1998,8,7,51.3,913.2,12.4,3.5,79.1,0,,0,0,0,0,0
999999,C81E1B,1954,7,29,49.8,1021.2,24,3.6,53.8,0,,0,0,0,0,0
104270,40F60F,1936,8,1,49,,0,8.3,50,0.2,,0,0,0,0,0
478430,7F480B,1994,3,2,26.5,1020,20.2,6.6,40.3,0,,0,0,0,0,0
539230,E941D6,1989,11,4,30.4,860.6,15.5,6.1,32.1,0.59,,0,0,0,0,0
108520,B10CB7,1973,10,13,32.8,,6.2,4.6,36.9,0,,0,0,0,0,0
488870,F06AEA,1995,3,28,74.4,1009.1,12.4,3.6,82.4,0,,0,0,0,0,0
915960,307703,1997,10,17,55.1,,,7.3,68.7,0,,0,0,0,0,0
947530,1DCC83,1993,6,9,41.5,1016.2,17.1,0.3,50,0,,0,0,0,0,0
370310,9888B8,2008,7,14,55,995.2,6.2,6.1,80.1,0,,0,0,0,0,0
655180,480774,2005,3,29,49.8,972.3,9.3,0.5,92,0,,0,0,0,0,0
152600,BA1A4A,1990,4,7,50.5,956.2,7.5,7,56.8,0,,0,0,0,0,0
616870,557BE8,1991,10,16,75.3,,6.9,2,85.8,0,,0,0,0,0,0
233450,786775,1985,9,16,40.9,,6.2,12.8,46.9,0,,0,0,0,0,0
999999,4AE91A,1961,8,7,43.3,1000.6,11.1,3.5,48.7,,,1,1,1,1,1
35900,668D6A,1982,1,28,33.4,,8.8,13.3,37.9,0,,0,0,0,0,0
32660,F39ABC,2006,6,5,47.7,,5.9,3,55.9,0,,0,0,0,0,0
62600,F05E08,1977,5,24,44.3,,10.1,5.8,62.1,0,,0,0,0,0,0
167260,865BAE,2003,9,14,54,,6.9,4,67.9,0,,0,0,0,0,0
703980,9.87E+84,1954,11,6,41.5,1006.4,13.3,16.6,46,,,0,0,0,0,0
40530,0BC83B,1996,2,10,22.8,,46.6,2.8,24.7,0,,0,0,0,0,0
40890,202D6B,2005,10,7,34.1,,7,6.4,42.4,,,0,0,0,0,0
478550,5BB1CB,2005,8,21,70.3,,7,7.3,80.7,,,0,0,0,0,0
39650,B15C5D,1986,7,6,50.2,,19.7,5.5,55,0.03,,0,0,0,0,0
572900,BA8B76,1980,4,18,52.3,,9.5,7.8,76.2,0,,0,0,0,0,0
62600,4C6310,1983,5,25,47.5,,3.7,8.7,49,0.24,,0,0,0,0,0
764235,DA54B6,2008,8,20,59.3,,10.7,3.1,68.7,,,0,0,0,0,0
947440,107AFD,1990,10,30,49.9,,31.1,0,71.2,0,,0,0,0,0,0
135860,5885EF,2006,3,29,41.6,982.1,7.2,5.5,59,0,,0,0,0,0,0
726076,DC0A80,1976,3,31,,,9.8,2.5,42.7,0,,1,1,1,1,1
744900,ED4AA8,1969,7,30,73.2,1008.6,6.6,6.7,75.6,0.35,,0,0,0,0,0
335860,C0C34C,1975,2,25,21.6,,8.5,4.7,27.3,0,,0,0,0,0,0
722506,7952D7,2000,12,11,65.9,,7,10.2,71.5,0,,1,1,1,1,1
999999,D5E353,1966,10,27,32.2,1015.4,24.9,11.2,40.4,0,,0,0,0,0,0
587650,819BAC,1986,6,1,71.9,,15.5,8.9,75.6,,,0,0,0,0,0
722580,698B27,1960,3,15,39.3,992,3.3,12.3,45.4,,,1,1,1,1,1
64324,747FA2,2004,12,28,31.9,,5.3,11.9,33.4,0,,0,0,0,0,0
605660,5AFC9F,2001,2,8,21,,6.4,4.3,55.9,0,,0,0,0,0,0
371630,065BA6,1980,4,10,44.6,,7.9,3.9,49.1,0,,0,0,0,0,0
879090,047BEB,1997,7,12,33.7,1001.9,18.6,13.1,40.2,0,,0,0,0,0,0
471890,0E7B76,1995,3,31,34.7,1007.7,13.4,5,52.1,0,,0,0,0,0,0
953030,6BF1BC,2009,6,13,48,1015.7,,23.8,69.3,0,,0,0,0,0,0
412162,B3B773,2009,12,19,59.3,,5.9,6.8,73.2,0,,0,0,0,0,0
992630,A60CF2,1981,12,22,,,,16.5,43.3,0,,0,0,0,0,0
718776,FBFAD0,1986,3,11,-3.3,,29.8,4.7,2.7,0,,0,0,0,0,0
802220,FFA5DA,1984,7,1,47.9,752.5,7.8,6,55.5,0.01,,0,0,0,0,0
119930,E0D4AB,1986,2,21,14.5,,5.3,3.9,21.8,0,4.7,0,0,0,0,0
471025,28EACB,2001,5,24,55.7,,18.6,5.6,65.6,0,,0,0,0,0,0
467550,F3B315,1992,11,15,38.6,645.9,9.9,3.6,40.7,0.24,,1,1,1,1,1
999999,B6C2DE,1966,2,8,38.8,992.9,15.2,5.5,52.5,0,,0,0,0,0,0
700867,4B4CCE,1977,6,25,34.6,,7.7,10.7,37.9,,,1,1,1,1,1
71470,7F0127,1985,10,3,57.7,,7.1,9.6,70.5,0,,0,0,0,0,0
143280,CC5328,2004,12,30,27,991.3,17.3,1.2,31.2,0,,0,0,0,0,0
716330,EDE932,1984,4,24,40.5,972.8,6,2.8,41.9,0.07,,1,1,1,1,1
384270,5A86F3,1981,7,31,50.3,,17.6,13.3,78.2,0,,0,0,0,0,0
999999,B950A1,1963,1,4,39.9,1027.1,4,3.9,40.9,0,,1,1,1,1,1
38273,132AA1,2008,8,19,58.3,,5.7,8.4,59.5,,,0,0,0,0,0
725621,F357DD,2009,3,11,5.5,,10,7.2,17.2,0,,0,0,0,0,0
994590,D85966,2006,10,19,,,,,56.3,0,,0,0,0,0,0
20670,FB5E3B,1974,9,20,34.6,,31.1,2.2,41,0,,0,0,0,0,0
996410,9FB54E,2007,9,15,,,,12.4,55.1,0,,0,0,0,0,0
745945,B229F2,1981,12,30,,,9.2,9.4,33.1,0,,0,0,0,0,0
612350,3D8806,2000,3,22,27.6,997.4,9.3,7.2,94.8,0,,0,0,0,0,0
350370,4AEB46,2001,8,2,50.3,,28,4.6,78,0,,0,0,0,0,0
999999,443533,1968,12,11,-36.5,979.5,29.8,5.8,-26.4,0,,0,0,0,0,0
912450,1BDFDE,1981,2,28,71.3,1015.9,10.1,6.4,80.5,0,,0,0,0,0,0
680140,810C5D,2000,11,16,37.8,850.9,20.7,3.7,83.1,0,,0,0,0,0,0
582080,145D73,1980,12,11,19.9,,9.6,11.7,43.6,0,,0,0,0,0,0
483520,5F0E49,2008,2,21,57.1,995.9,3.6,1.8,69.8,0,,0,0,0,0,0
726987,4F8808,1991,1,17,43,,7,6,49.6,0,,1,1,1,1,1
723810,5824A7,1994,2,7,41.1,,17.5,8,49.2,0.08,,1,1,1,1,1
578660,3729F0,1984,5,2,66.7,,6.7,8.3,68.8,0.28,,0,0,0,0,0
111820,56DDE8,2006,10,26,49.3,984.9,5.7,4.2,52.2,0,,1,1,1,1,1
725290,6C7D18,2005,11,12,29.5,999.9,10,7.6,44.1,0,,0,0,0,0,0
719560,2126EB,1979,10,28,10.8,1000.6,11.7,11.7,14,0,2.4,0,0,0,0,0
785263,516BA2,1996,1,12,69.3,1015.7,13.6,6.9,78.5,,,0,0,0,0,0
718090,3AD537,2002,5,22,34.6,1009.1,14.4,7.9,44,0.11,,0,0,0,0,0
105150,5ECAE5,1977,11,20,30.5,,12.6,8.5,42,0,,0,0,0,0,0
85090,2DB4DC,2006,3,20,46.8,1010.3,6.7,8.4,56.7,,,0,0,0,0,0
480770,340FF5,1999,12,29,51.8,,5.5,1.7,73.9,0,,0,0,0,0,0
619030,0C9E0D,1951,5,4,,,0,51.5,-0.3,0,,0,0,0,0,0
714820,EA1B3E,2009,2,17,22.1,1004.4,,17.2,35.1,0,,0,0,0,0,0
986300,97929E,2001,6,23,78.9,,12.9,1.3,81.7,0.35,,0,0,0,0,0
725124,A397B5,1993,2,4,12,,10,6.7,33.6,0,,0,0,0,0,0
250550,992D61,1981,10,4,,,14.6,3.4,12.6,0,,0,0,0,0,0
243960,C7079A,1971,6,7,32,,12.4,13,40.9,0.2,,0,0,0,0,0
682880,BEFBC2,2001,4,13,59.7,,,1.8,69.8,0,,0,0,0,0,0
415300,42BF19,2003,5,11,59.1,,2.6,8.6,91.4,0,,0,0,0,0,0
362130,B26B18,1989,10,19,28.2,901.1,17.1,,37,0,,0,0,0,0,0
919580,95C917,1984,6,18,52.3,,18.6,1.3,59.8,0,,0,0,0,0,0
723200,A7D882,2009,8,5,70,,8.9,3,77.9,0.17,,0,0,0,0,0
11050,104F37,2009,9,28,34.4,,,17.2,41.5,0,,0,0,0,0,0
278230,76643E,1988,11,20,11.7,,22.9,8.7,16.1,0.43,,0,0,0,0,0
334150,0769A8,2006,5,23,57.5,975.3,6.2,8,70.2,0,,0,0,0,0,0
84190,1BC177,1978,11,27,29.2,955,8.8,2.2,36.4,0,,0,0,0,0,0
442310,C0EF9C,1975,1,27,-12.3,,28,2.2,-1.1,0,,0,0,0,0,0
683870,E10057,2006,10,9,54.3,893.7,,1.5,60.9,0.02,,0,0,0,0,0
338690,267354,1982,3,23,22,,6.2,12.5,31.6,0,,0,0,0,0,0
747760,E3B40B,2006,7,1,65,,8,2.7,83.5,0,,0,0,0,0,0
476550,67F25A,1959,6,20,67.1,1000.5,5,9.2,70.2,0.02,,0,0,0,0,0
722140,76AEAE,1991,11,3,40.4,,6.8,7.3,50.4,0,,0,0,0,0,0
478070,428F9E,1954,10,2,68.1,1009.2,7.5,5.8,71.2,0.16,,0,0,0,0,0
240650,6E518C,1987,6,16,37.9,,6.2,5.8,42.4,0.09,,0,0,0,0,0
617660,4B4146,1995,9,18,73.6,,5.5,6,80.5,,,0,0,0,0,0
992710,75B4EC,1996,8,16,74.9,,,4.4,84.1,0,,0,0,0,0,0
725190,B27ED6,1947,3,23,28.5,996.4,8.5,6,38.8,0,1.2,0,0,0,0,0
719100,96892,2002,4,29,17.9,1013.3,10.7,3.4,22.6,0,,0,0,0,0,0
477400,38CD2B,1960,11,22,57.1,1014.4,8.2,9.3,59.2,1.3,,0,0,0,0,0
164590,22EC90,1984,8,9,68.1,,5.7,6.4,78,0,,0,0,0,0,0
478440,F40EBF,2001,1,5,31.4,,7,8.6,44.6,0,,0,0,0,0,0
486740,55EF76,1962,10,27,76.6,,23.6,7.6,83.8,0,,0,0,0,0,0
954800,9C11B6,2008,4,28,32.9,1014.6,,7.6,55,0,,0,0,0,0,0
601200,6A1A06,1976,9,28,64.4,,4.7,8,69.1,0.16,,0,0,0,0,0
406760,398DE7,1968,9,23,56.8,,10.3,3.2,86.4,0,,0,0,0,0,0
477500,9B7E3D,1961,11,5,47.1,1018.7,14.3,4.2,52.4,0.16,,1,1,1,1,1
570890,9EE335,1980,8,11,72.1,,13.7,2.9,80.6,0,,0,0,0,0,0
114140,FE8082,1999,8,2,46.2,948.1,21.1,4.1,66.8,0,,0,0,0,0,0
154820,75E765,1986,6,3,53.2,,6.2,2.3,61.6,0,,0,0,0,0,0
281440,946C5F,1995,4,8,24.8,1001.7,19.4,2.4,38.7,0,,0,0,0,0,0
718030,FED12E,1996,1,21,17.2,1007.7,21.1,11.1,24.7,0.16,1.2,1,1,1,1,1
308290,343408,1988,10,29,18.7,950.3,27.2,6.1,30.5,0,,1,1,1,1,1
281310,2A39F9,1982,11,9,-1.9,,8.9,2.2,3,0.02,9.8,0,0,0,0,0
724957,EC3B7E,1978,8,19,52.7,,20.4,5.3,76.9,0,,0,0,0,0,0
545870,20B0FC,2004,4,13,42.1,,17.1,8,49.5,0.05,,0,0,0,0,0
780730,ED8CF7,1987,1,1,69.5,,8.3,11.5,76.3,0.39,,0,0,0,0,0
24500,6.47E+21,2004,9,22,47.5,,16.4,5.8,50,,,0,0,0,0,0
298490,B53811,1976,5,6,,,31.1,6.3,39.2,0.04,,0,0,0,0,0
723556,67583B,2009,4,12,45.1,,8.3,12.9,52.2,0.41,,0,0,0,0,0
124690,6E3E50,1996,11,28,28.8,,1.8,3.9,30.4,,,0,0,0,0,0
108360,89B93B,1974,3,6,28.4,,0.1,7.5,29.1,0.18,,1,1,1,1,1
688420,903A3C,1977,11,23,58,,18.6,6.4,69.3,0,,0,0,0,0,0
786550,5A5048,2006,9,1,71.2,941.1,12,3.8,82.2,1.02,,0,0,0,0,0
82380,D4A7C5,1976,8,29,67.6,,4.7,2.7,75.2,0.2,,0,0,0,0,0
722616,A3A965,2007,1,20,35.3,,,5.4,38.2,0.51,,0,0,0,0,0
787740,31DFE6,2009,5,2,64.8,1000.7,8.2,6.6,88.7,0,,0,0,0,0,0
30100,C2885F,1993,1,25,34.5,,,37.5,37.5,0,,0,0,0,0,0
108380,58233C,1955,9,20,47.6,,4.4,3.3,54.7,0,,0,0,0,0,0
956770,B868A0,2007,5,19,48.4,1016.3,,9,56.8,0.02,,0,0,0,0,0
27550,93B515,2006,11,16,29.9,1001.3,13.2,5.9,31.1,0.04,,1,1,1,1,1
722805,359A6A,1986,1,13,30.5,,7,5.7,63,0,,0,0,0,0,0
25070,0F046C,2003,12,28,34.3,,,3.3,37.3,,,0,0,0,0,0
410840,8ACA5B,2005,1,8,41.9,887.1,6.2,1.8,63.3,0,,0,0,0,0,0
470080,E5BF62,1975,11,14,20.3,,7.3,5.6,41.9,0,,0,0,0,0,0
725104,F39AA0,2001,11,28,45.3,,6.7,5,47,0.01,,0,0,0,0,0
943840,C39A1C,2009,10,16,50.3,1009.2,22.8,9.6,73.1,0,,0,0,0,0,0
483565,855143,2009,5,15,75.2,,6.8,3.4,81.7,0,,0,0,0,0,0
722874,A447F9,2004,11,21,40.6,,9.8,2.8,54.5,0.08,,0,0,0,0,0
246560,53324E,1977,2,2,-41.3,,26.7,3.6,-36.1,0,,0,0,0,0,0
575540,FF9D1F,1994,12,22,36,,7.1,3.3,46.3,0,,1,1,1,1,1
561730,6BBDDD,1973,8,11,41,,30.4,1.9,54.7,0.04,,0,0,0,0,0
717190,303419,2008,5,6,41.1,1013.1,,4.3,44.2,0,,0,0,0,0,0
303090,4D3FB4,1995,5,5,42.9,946.6,8.4,9,50,,,0,0,0,0,0
786634,E1D20D,1986,3,31,58.9,,6.3,9.5,84.7,0,,0,0,0,0,0
719160,BAB974,2010,1,22,-22.8,1014.2,,10.2,-18.5,0,9.4,0,0,0,0,0
239290,FF801B,1995,7,11,44.9,,15.6,7,54.1,0.12,,0,0,0,0,0
483810,A8BC6A,1991,4,27,73.4,,6.4,0.6,83.2,0.04,,0,0,0,0,0
319390,4B58A6,1980,9,12,54.6,,27.5,2.5,56.4,0.02,,0,0,0,0,0
943700,25432B,2005,10,9,65.8,1008.2,,3.3,74.8,0,,0,0,0,0,0
716420,74B86D,2002,12,10,28,,9.7,7.5,28.1,0.08,9.1,1,1,1,1,1
350850,E84AB5,2003,4,25,40.3,,26.4,3.1,52.6,0,,0,0,0,0,0
911977,85659,2009,3,20,45.4,,7,3.9,55.4,0.45,,0,0,0,0,0
477060,C8601D,1992,12,15,32.5,,4.1,3.7,35.2,,,0,0,0,0,0
75600,ADBE61,2009,10,5,44.3,847.3,,16.1,55.1,0,,0,0,0,0,0
388060,968F33,1983,6,4,36.9,,6.2,5.4,77.9,0,,0,0,0,0,0
275320,239E0B,1968,1,14,10.7,,2.1,7.4,14.6,0.47,,0,0,0,0,0
386560,5456C7,2008,12,16,20.6,1015.5,12.4,1.9,30.5,0,,0,0,0,0,0
60110,B8CB27,1997,1,20,41.7,1008.3,13.1,19.1,44.7,0.04,,0,0,0,0,0
171880,CED557,1964,8,26,46.2,,15.5,4.7,67.3,0,,0,0,0,0,0
743312,C4A79C,2006,12,7,21.7,,9,5.2,39.4,0,,0,0,0,0,0
965810,7A4EE5,2001,9,17,76.1,1010.6,4.6,1.6,79.2,0.51,,1,1,1,1,1
171700,9E7880,1994,10,28,43.8,839.9,12.3,1.1,49.8,0,,0,0,0,0,0
385670,466B01,2008,12,3,33.9,,4.4,3,42.5,0,,0,0,0,0,0
470610,A6914F,1984,2,20,19.4,,18.6,2.8,34.9,0,,0,0,0,0,0
450070,525C20,1981,1,18,47.5,,6.1,5.8,58.6,0,,0,0,0,0,0
247610,CAC76F,1976,11,1,2.6,,20.2,6.8,6.8,0.06,,0,0,0,0,0
722160,F1EEBC,1989,2,25,11.8,,11.4,3.9,37.7,0,,0,0,0,0,0
70050,B21ACA,1989,3,21,40.8,,6.7,16.2,44.6,0.06,,0,0,0,0,0
471120,DC1A13,2002,8,19,68,1003.7,7.7,2.3,73.9,0.28,,0,0,0,0,0
12380,69817D,1988,9,25,29.4,,26.7,8.4,36.9,0.04,,0,0,0,0,0
308530,0B8279,1969,9,9,47.6,,28.6,3.2,58.8,0,,1,1,1,1,1
13840,BD7256,1994,11,28,24,987.5,18.1,10.5,37.3,0.01,,0,0,0,0,0
341720,1D9D16,2009,6,29,43.2,,6.2,7.2,78.1,0,,0,0,0,0,0
38030,5E4B52,1991,4,23,41.5,,7,8.6,48.2,0,,0,0,0,0,0
717000,8A1FCA,1994,8,14,65.2,1002.3,2.6,6.4,67.3,0.23,,1,1,1,1,1
217490,737FD6,1988,5,14,20.5,,3.7,13.6,22.8,0,,0,0,0,0,0
486940,729188,1976,6,22,74.3,,8.5,4.6,81.2,0,,1,1,1,1,1
106850,B213E1,1991,2,22,25.5,949.7,1.3,6.4,28.3,0,4.7,1,1,1,1,1
369830,DEB910,1997,2,14,-3.1,,,0,9.2,0,,0,0,0,0,0
728340,06A4FD,1975,8,11,54,972.8,10.8,2.6,59.3,0,,1,1,1,1,1
766870,7C0938,2010,3,22,48,871.2,4.4,1.5,50.8,0.11,,1,1,1,1,1
710760,1824DF,2009,8,1,40.7,,,2.8,57.7,0,,0,0,0,0,0
20720,F031E8,2004,8,6,60.4,981.2,14.8,4.9,67.6,0,,0,0,0,0,0
66700,192745,1965,9,14,53.5,,14.1,6.8,59,0.13,,0,0,0,0,0
292760,CA37EB,1975,6,5,41.5,,12.4,2.8,47.7,0,,0,0,0,0,0
336510,F78AFC,1975,3,22,21.2,,10.4,8,30.7,0,,0,0,0,0,0
599480,EFF9E5,1973,7,11,76.2,,16.9,5.5,81.6,,,0,0,0,0,0
389330,97A59D,1986,2,25,31.7,,26.4,3.6,49.1,0,,0,0,0,0,0
605350,43C420,2003,3,9,41.1,887,10.6,7.2,54.7,0,,0,0,0,0,0
956370,074C34,2004,7,30,49.7,979.4,,6.9,49.7,0.07,,0,0,0,0,0
941280,FAFD9C,2008,9,27,62.2,1008,,3.8,82.6,0,,0,0,0,0,0
110510,E6623E,2006,8,22,53.2,972.2,,4.4,59.7,0.12,,0,0,0,0,0
303740,999FF4,1988,2,28,-15.4,,31.1,1.7,-5.8,0,1.6,0,0,0,0,0
272710,8789C0,1968,5,15,36.7,,24,8.6,50,0,,0,0,0,0,0
854700,C82625,1993,10,16,50.6,,5.6,10.4,60.6,0,,0,0,0,0,0
743945,8357D9,2009,9,10,45.2,,10,5.1,57.1,0,,0,0,0,0,0
992840,C3B9C3,1989,11,10,,,,14.7,63.7,0,,0,0,0,0,0
64080,E087FC,1992,2,5,39.1,,4.4,18.5,42.4,0,,0,0,0,0,0
720172,2D2BD1,2007,3,24,59.2,,9.6,4.4,70.6,,,0,0,0,0,0
154750,DC1C1F,2001,12,20,19.8,1017.4,5.7,7.6,27.8,0,1.2,0,0,0,0,0
722357,3E27D0,1995,12,28,22.1,,10,7.3,33.4,0,,0,0,0,0,0
153330,306155,1988,1,31,,991.6,1.5,26.5,27.8,0.94,2.8,0,0,0,0,0
716320,7.23E+27,2000,4,1,29.1,996.2,8.9,2.5,37.1,0,,0,0,0,0,0
475200,96F1AE,2003,11,8,44.4,1005.3,11,3.8,47,0.12,,0,0,0,0,0
995460,669170,1994,5,27,,,,12.1,78.6,0,,0,0,0,0,0
614210,6C1490,1975,10,30,34.2,,,15,87.4,0,,0,0,0,0,0
994070,57F84D,1991,4,19,,,,9.6,46.2,0,,0,0,0,0,0
63700,4F8127,1954,2,9,31.8,1000.5,2.2,6,32.5,,,0,0,0,0,0
476390,0C2FF4,1998,12,26,-31.5,632.4,,23.1,4,0,,0,0,0,0,0
702040,914180,1992,4,22,20.9,,8.8,13,27.8,0,,0,0,0,0,0
577450,353A7E,1989,8,16,74.1,,15.6,1.2,86.9,0,,0,0,0,0,0
76000,A34A34,1998,4,29,47.2,996.5,10.7,8.3,56.3,0.13,,0,0,0,0,0
107340,E6AED7,1970,2,19,30.3,1010.2,4.2,3.8,33.5,0.02,,1,1,1,1,1
14330,A5DA43,2001,10,13,39.4,891.3,,6.6,41.5,0,,0,0,0,0,0
717700,FAA379,2006,1,28,31.2,933.8,,2.5,33.3,0,,0,0,0,0,0
101560,E85EA4,1992,5,29,53.8,1016.1,11.8,6.9,64.9,0,,0,0,0,0,0
727575,E43EF1,1996,10,30,14.7,,6.9,24.3,23.6,0,,0,0,0,0,0
725346,85F308,1995,2,5,-1.9,,19.1,15.6,13.3,0,,0,0,0,0,0
93930,8A21CF,1979,5,6,33.6,,12.8,3.4,44.3,0,,0,0,0,0,0
160940,511314,1988,12,14,29.3,1013.9,3.1,0,37.4,0,,0,0,0,0,0
106090,A77652,1976,4,16,39.1,,5.6,8.9,50.4,0,,0,0,0,0,0
587540,8ECA07,1977,2,21,28.4,,7.7,5.3,45.9,0,,0,0,0,0,0
725776,D66768,1994,4,18,28.8,,9.5,4.7,49.3,0,,0,0,0,0,0
728955,92FD71,1973,10,31,33.4,,14.9,6.5,37,,,0,0,0,0,0
970860,5580DD,1997,6,15,68.1,,10.7,7,82.1,0,,0,0,0,0,0
722045,3082,2005,6,6,73.5,,8.4,3.7,78.3,0.34,,1,1,1,1,1
314210,02AC55,1969,1,11,-35.4,,15.5,0.2,-30.4,0,,0,0,0,0,0
601010,9A75A6,2000,4,16,52.1,,5.5,16.8,59.8,0.47,,0,0,0,0,0
467560,BA773B,1996,11,11,71,1003.3,5.3,13.9,75.5,0.24,,0,0,0,0,0
221930,C4F453,1982,9,12,41,,8.8,17.5,44,0.02,,0,0,0,0,0
284190,652AC3,1990,10,31,24.2,1014.4,4.3,3.9,28.5,0,1.6,0,0,0,0,0
717330,B37506,1984,11,9,42.9,989.5,13.3,7.3,46.2,0.03,,1,1,1,1,1
717180,533537,1989,6,1,50.6,1007.1,7.6,5.4,53.4,0.39,,1,1,1,1,1
724697,63CCE4,1974,8,27,48.2,,26,4.9,69,0,,0,0,0,0,0
477840,0085BE,2005,5,24,48.2,1013.1,,4,61.1,0,,0,0,0,0,0
117740,4B676A,1976,2,11,25,,1.6,10.7,27.1,0.16,,0,0,0,0,0
973720,449903,1995,1,26,74.8,,6.2,6,76.6,0,,0,0,0,0,0
999999,8E66B8,1961,1,9,13.8,849.7,21.7,4.6,31,0,,0,0,0,0,0
704545,11C12A,1950,1,19,35.5,1020.2,8.2,27.9,36.4,,,1,1,1,1,1
726165,4CE5FC,2005,10,25,36.4,,8.4,8,42.3,0.9,,0,0,0,0,0
339460,94FC32,1965,4,23,48.4,,5.9,21.3,54.5,0.2,,0,0,0,0,0
729060,F5C04B,1977,2,18,-23.4,1008.4,13,0.3,-18,0.02,18.1,0,0,0,0,0
411500,8E8D1C,1997,7,20,63.1,,5.2,10.3,91,0,,0,0,0,0,0
601550,E5C290,1967,5,6,56.8,,6.2,4.9,60.9,0,,0,0,0,0,0
350780,BC62B8,1973,9,18,30.5,,11.4,7.4,50,0,,0,0,0,0,0
864400,CDC1E6,1984,10,14,60.3,,12.4,8.5,69.2,0,,0,0,0,0,0
364280,2ED31B,1981,4,24,42.8,,11.5,5,57.2,0.08,,0,0,0,0,0
295670,3AAB16,1983,1,9,6.8,,13.6,8.3,17.4,0,,0,0,0,0,0
389570,4.40E+03,1985,2,4,18.3,744.3,,2.4,25,0,,0,0,0,0,0
123850,466160,1975,4,18,37,,4.3,7,41.7,0,,0,0,0,0,0
857990,1E5293,2006,4,10,53.9,,6.6,11.7,58.6,,,0,0,0,0,0
726156,12C08D,1981,3,19,,,11.5,8.9,29.1,0,,0,0,0,0,0
722210,A5C0CE,1972,8,21,70.6,,5.3,5.3,83.8,0,,0,0,0,0,0
723865,43D3A9,1992,9,19,44.5,,30,4.4,81.3,0,,0,0,0,0,0
833620,7C9F54,1995,5,6,74,,10.6,0.5,78.6,0.24,,0,0,0,0,0
345600,2AB37E,1985,7,28,44.3,,7.3,9,64.9,0,,0,0,0,0,0
408480,E498B7,1999,2,4,38.6,852,4,2.5,47.1,,,0,0,0,0,0
726450,56BDD8,1996,4,20,48,,8.6,8.2,53.3,0.68,,1,1,1,1,1
814150,900CD5,1993,7,31,75.7,,8.7,0.5,82.8,0.94,,1,1,1,1,1
37170,CAC82F,1998,12,31,43,,10.3,11.5,46.8,0.02,,0,0,0,0,0
244770,819521,1974,5,16,35.1,,31.1,8.9,43.6,0,,0,0,0,0,0
937800,8.30E+12,2009,3,7,47,,6.2,6,64.2,0,,0,0,0,0,0
116980,F6EB76,2000,1,21,25.6,970.5,15.3,19.8,28.2,0.12,1.6,0,0,0,0,0
30070,E2847F,1995,1,9,36.6,,,26,41.7,0,,0,0,0,0,0
30050,AFB930,1930,6,12,44,,10.9,8,52,0,,0,0,0,0,0
475740,6E955C,1991,3,2,18.8,,19.4,7.2,32.6,,3.1,0,0,0,0,0
67980,188EDA,2007,5,12,37.5,867.8,,4,56.7,0,,0,0,0,0,0
546020,FF4013,2004,2,11,6.5,,6.2,3.2,41.2,0,,0,0,0,0,0
170600,40EBBE,1986,12,31,39.8,,6.7,12.1,51.1,0,,0,0,0,0,0
32620,E5E591,1980,4,1,38.5,,16.3,7.6,47.3,0,,0,0,0,0,0
307120,10240F,1989,8,17,45.3,,,1,54.2,0,,0,0,0,0,0
121500,AB897E,2005,11,29,28,,5.4,7.9,30.7,0,,0,0,0,0,0
150330,CC6FD0,1997,1,2,16,815.8,5.9,13.6,23,0.01,14.2,0,0,0,0,0
724107,5FA9DE,2001,4,27,29.3,,10,2,56.1,0,,0,0,0,0,0
988510,F6F242,2002,9,8,,,12.3,1.4,79.9,0,,0,0,0,0,0
23260,63D98F,1992,6,23,31,,46.6,4,52.6,0,,0,0,0,0,0
431980,DA7605,1994,10,12,69,929.1,5.4,4.4,73.7,0.71,,0,0,0,0,0
107280,29029C,1977,7,15,43.9,,7,4.7,61,0,,0,0,0,0,0
966850,54B252,1977,1,12,75.8,,7.2,2.4,80.6,0,,0,0,0,0,0
284810,F7F03B,2007,5,8,33.9,994.1,22.2,10.5,40.9,,,0,0,0,0,0
564620,7F8BD5,1999,8,7,49.2,712.3,18.6,6.8,64,,,0,0,0,0,0
26260,FF895E,1977,11,14,38.5,,10.4,5.4,40.8,0.35,,0,0,0,0,0
680180,F4262F,1990,7,1,34.8,,36,10.4,57.9,0,,0,0,0,0,0
471300,B93DB9,2000,10,11,59.5,1008.7,8,4.3,67.1,0.03,,0,0,0,0,0
163445,A12300,2008,3,8,30.8,,1.1,,32.6,,,1,1,1,1,1
724930,362CF4,1991,3,10,43.8,,15,12,50.4,,,1,1,1,1,1
477270,32138A,1990,12,2,31.1,,7,4.7,53.4,0,,0,0,0,0,0
682730,00A668,2006,5,8,34.5,849.3,,9.5,50.9,0,,0,0,0,0,0
934360,1.60E+219,2008,8,20,35.1,,,5.3,42.3,0,,0,0,0,0,0
528360,7F186B,1985,4,11,23.6,688.2,5.3,2.8,29.1,0.39,,0,0,0,0,0
325940,A32131,1969,6,16,36.6,,31.1,5.4,39.3,0,,0,0,0,0,0
936140,2DBE5B,1981,6,21,34.9,,26.1,2.4,41.4,0,,0,0,0,0,0
999999,75BB58,1956,5,27,45.8,1019.6,6.2,10,49.3,,,1,1,1,1,1
29740,6B1022,1988,3,4,11.5,,3.8,3.8,15.9,0,9.1,1,1,1,1,1
714600,D8A3D9,2003,2,1,-0.9,,0.2,7.9,-0.2,0,,0,0,0,0,0
569660,AEC675,1982,11,18,61.6,,18.6,0,69.7,0,,0,0,0,0,0
294300,3881EB,1978,2,27,6.8,,4.6,6.9,12.2,,,0,0,0,0,0
209670,B597B1,1974,7,26,50.5,,17.2,0.7,59.7,0,,0,0,0,0,0
308530,13D658,1970,10,26,15.8,,31.1,10,28.5,0,,0,0,0,0,0
944030,B354FF,1976,11,20,53.4,1003.5,23.6,5.2,73.3,0,,0,0,0,0,0
84190,35B4ED,2007,4,16,47.7,952,4.9,3.5,55.2,0.05,,1,1,1,1,1
724936,F82BA5,2002,5,27,50.2,,9.9,9.5,62.1,0,,0,0,0,0,0
12770,66673B,2008,12,27,31.3,,,1.5,35.2,0.1,,0,0,0,0,0
722780,7C563A,2006,3,2,34.9,975.5,10,3.8,65.3,0,,0,0,0,0,0
959130,110EBD,2008,9,5,34.4,,,2.9,51.1,0,,0,0,0,0,0
945920,BD1C38,1991,4,17,,,,5.6,71,0,,0,0,0,0,0
725835,22DC28,1992,6,22,22.3,,34.8,8.8,93,0,,0,0,0,0,0
322270,77B9EC,1957,2,23,25,,12.4,8.5,37.3,0,,0,0,0,0,0
723108,2.13E+03,2001,12,23,38.4,,10,8.3,46,0,,0,0,0,0,0
64080,BECB51,1982,8,8,59,,2.5,11,65.5,0,,0,0,0,0,0
726060,FC3D7A,2000,9,17,44.2,,9.9,7.2,54.6,0.01,,0,0,0,0,0
670120,BA0660,1980,11,5,73.1,,18.1,1.3,78.5,0.31,,0,0,0,0,0
411840,1A5DC0,1987,2,23,48.2,,6.5,5.9,67.8,0,,0,0,0,0,0
722090,D45017,1970,9,6,74.4,1012.6,11.9,1.5,81.7,0,,0,0,0,0,0
723565,A78D7B,1985,12,12,18.7,,13.1,6,24.8,0,,0,0,0,0,0
702756,F76DB6,1998,2,28,16.5,,10,3.6,28.9,0,,0,0,0,0,0
719465,0D0A05,1986,3,7,-15.6,,14.9,3.9,-10.9,0,,0,0,0,0,0
872860,AAD71F,1977,9,28,56.1,,9.9,13.6,60.4,0,,0,0,0,0,0
636950,1DA37D,2009,12,20,59.2,,19.7,2.1,66.1,0,,0,0,0,0,0
484770,A5929C,2007,2,18,73.9,1008.2,6,4.4,79.4,0,,0,0,0,0,0
13743,DC1A2A,1988,3,11,5.7,,7,10.5,20.3,0,,0,0,0,0,0
589210,7C5F68,1974,12,7,48,,11.7,1.7,54,0,,0,0,0,0,0
325090,94B15D,1949,7,26,,,6.5,3,51,0.04,,0,0,0,0,0
14080,0F7446,1999,6,15,48.5,,6.5,8.3,56.1,0,,0,0,0,0,0
718070,66ACBB,1982,11,23,41.6,1026.4,13.9,11.4,46.8,0,,0,0,0,0,0
66450,52B985,2004,3,17,35.7,958.9,,2.9,58.5,0,,0,0,0,0,0
70170,A6BB7E,1980,9,20,62.8,,5.1,9.5,67.8,0.01,,0,0,0,0,0
726586,22CB75,1978,9,2,65.2,,6.6,9.3,76.2,0,,0,0,0,0,0
724085,B0A41E,1973,8,29,67.7,,8.6,4,82.5,0,,0,0,0,0,0
75240,8D8532,1998,3,11,44.8,1008.8,7,9,50.8,0.01,,0,0,0,0,0
313110,018D59,1987,4,12,2.4,,31.1,2.9,19.8,0,,0,0,0,0,0
263130,A3DB65,2003,5,4,39.6,,,8,40.6,0.02,,0,0,0,0,0
747540,A502DE,1972,2,13,38.4,,12.2,3.1,46,0,,0,0,0,0,0
477510,CBC9C9,1958,12,29,,860.7,,17.5,22.7,,,0,0,0,0,0
260590,B18B64,2002,12,8,4.9,,4.8,1.5,7.7,0,0.8,0,0,0,0,0
64810,72AA85,1992,5,14,51.5,,5.1,8.9,73,0,,0,0,0,0,0
724450,B3DCC9,2004,1,25,20.1,,7.2,11.3,26.1,0.14,,0,0,0,0,0
235520,EFF11E,1992,10,26,-2.4,1011.8,6.2,3.9,2.8,0.04,3.5,0,0,0,0,0
239550,9A6ACC,1965,6,14,36.5,,12.4,2.8,52.4,0,,0,0,0,0,0
725866,A7F086,2002,4,23,27.7,,10,15.8,49.1,0,,0,0,0,0,0
583580,706EFB,1988,11,9,45.8,,9.5,7.8,60.3,0,,0,0,0,0,0
372120,BE9FC6,2003,12,31,22.4,,6,3.4,29.5,0,,0,0,0,0,0
501360,9FD320,2006,12,31,-16.7,968.1,12.2,2.9,-9.4,0,,0,0,0,0,0
288250,721309,2000,2,15,22.2,,6.4,3.6,26.4,,30.3,0,0,0,0,0
725760,9879BC,1985,5,11,36.9,817.3,36.3,9.9,52.6,0.16,,0,0,0,0,0
111440,BFE41A,2006,6,26,58.9,928.2,,5.1,74.6,0.01,,0,0,0,0,0
170500,B19547,1975,6,20,61.7,,12.4,2.9,75.2,0,,0,0,0,0,0
60660,3844FE,1977,10,22,54.3,,3.3,6.9,57.7,0,,0,0,0,0,0
157260,29A87E,2004,10,26,34.1,829.5,26.8,5.3,48.3,0,,0,0,0,0,0
104910,38B87F,1943,4,29,39.2,,4.4,4.6,45,0.05,,1,1,1,1,1
747255,B0E994,1995,12,6,,,,,36.4,0,,0,0,0,0,0
471100,5781D6,1986,9,24,50,,4.8,3.1,59.4,0,,1,1,1,1,1
725512,EFC3DC,2004,5,27,55.3,,7.9,8.3,68.4,0,,0,0,0,0,0
443050,42157C,1983,8,15,40,,31.1,11.7,55.3,0,,0,0,0,0,0
284980,7DA1BA,1984,2,26,,,15.5,11.7,15.7,0,,0,0,0,0,0
126600,13F252,2001,1,23,25.7,983,7.9,5.2,33.2,0,2,0,0,0,0,0
134624,11CEA1,2010,2,17,46,,3.4,2.6,46,,,0,0,0,0,0
474070,06995A,1973,5,9,44.8,,12.4,2.7,57,0.39,,0,0,0,0,0
960010,1BF8E8,1994,2,21,72.6,,5.7,0.5,79,0,,0,0,0,0,0
426750,CC1F5C,1996,2,12,52,,4.3,0.8,58.8,0,,0,0,0,0,0
723145,C07067,1998,12,3,42.1,,10,3,54.3,0,,0,0,0,0,0
259220,522E8E,1975,7,16,48.5,,15,2.2,50,0,,1,1,1,1,1
380810,823B63,1983,9,4,24.2,,12.4,7.5,58.9,0,,0,0,0,0,0
381980,103DEE,1952,6,17,46.5,,17.4,6.5,90,0,,0,0,0,0,0
38650,59C841,1988,9,25,57.9,,8.8,9.8,62.7,0,,0,0,0,0,0
29840,DD4F36,1978,12,28,-6.7,,7.4,10.4,-3.3,0,,0,0,0,0,0
298070,D8471D,2006,2,18,0.2,1003.7,6.2,4.6,7.2,0,7.1,0,0,0,0,0
728780,AA7CC0,1975,6,25,51.8,902.3,14.9,7.3,64.6,,,0,0,0,0,0
150440,BE95B8,1997,5,20,54.8,989,12.1,2.9,68.5,0.24,,0,0,0,0,0
471420,A99BAE,1980,2,13,6.6,,7,3.2,27.4,0,,0,0,0,0,0
219080,F6BDD1,1962,2,7,-49.9,,5.7,0.9,-45.3,0.02,,0,0,0,0,0
852450,4525A3,1960,3,20,64.6,,31.1,7.2,73,0,,0,0,0,0,0
488230,3B3E05,2007,7,17,80.4,1000.8,10.1,6.3,89.8,0.1,,0,0,0,0,0
957040,F4A982,2006,8,7,36.4,1016.4,,5,47.8,0,,0,0,0,0,0
999999,88670A,1964,7,27,62.4,933,14.3,4.7,82.8,,,0,0,0,0,0
372120,C9ADEF,1975,4,12,43.7,,12.4,8.1,63.8,0,,0,0,0,0,0
485670,A6CB96,1985,9,29,74.8,,5.7,0,77,0,,0,0,0,0,0
301570,F0C724,1969,2,11,-49,,11,6.8,-39.2,,,1,1,1,1,1
715240,DA81B2,2000,5,15,36.2,,,8.3,49.1,0,,0,0,0,0,0
688490,97C659,2004,4,28,46.9,949.9,,4.5,61.1,0,,0,0,0,0,0
580400,E5C0CB,1964,5,6,57.7,,19,7.2,66.2,0,,0,0,0,0,0
948720,3A810A,1999,2,7,42.3,,,10.1,50,0,,0,0,0,0,0
483510,20E49A,1975,9,16,75.6,,4.2,1.2,81,,,0,0,0,0,0
80080,3EBA84,1992,6,6,45.2,966.9,5.6,4.4,50,0.2,,1,1,1,1,1
408980,E2A167,2004,10,4,72.9,1009,5.4,2.9,77,0,,0,0,0,0,0
804260,12E2CD,1987,6,26,74.5,,8.3,3.5,81,0.12,,0,0,0,0,0
106070,92F827,1959,9,22,50.2,976,9.2,6.6,58.8,0.08,,0,0,0,0,0
172920,2C334B,2003,1,15,27.2,947.3,12.4,5.9,36.8,0,,0,0,0,0,0
722950,EE463A,2002,7,9,62.6,,3.6,6.3,67.5,0,,1,1,1,1,1
485320,3BB8E1,1995,5,9,76.6,1006.2,6.2,0,83.5,0.02,,0,0,0,0,0
315610,F094B2,1982,11,15,4.6,,6.2,1.6,11.1,0,2,0,0,0,0,0
724089,BF05C8,1977,11,2,53.8,1023.4,6,11.5,59.9,0,,1,1,1,1,1
85220,3EFDBB,2007,7,5,66.2,1015.4,12.4,1.7,71.6,0,,0,0,0,0,0
565860,74EFC4,1992,9,7,58.4,803.5,6.2,1.9,65.9,0,,0,0,0,0,0
722469,9D4FB9,2008,4,2,51.8,,8.8,6.4,62.1,0.01,,0,0,0,0,0
476620,B050C6,2009,11,24,43,1017.5,6.6,5.1,54.1,0,,0,0,0,0,0
484590,DCBD0A,1989,3,5,74.8,,4.8,3.1,86.1,0.08,,0,0,0,0,0
679830,9A756B,2006,7,30,48.1,895.8,10.4,4.8,61,0,,1,1,1,1,1
828990,7BABEE,2006,2,15,71.6,,8.8,6,84.3,0,,0,0,0,0,0
710563,F9743A,1992,10,6,22.7,,15,4,40,0,,0,0,0,0,0
477820,39EF66,2009,12,13,34.9,,7,11.8,52.2,0,,0,0,0,0,0
890090,E8B0EC,1959,5,28,,695.1,9.1,8.9,-72.9,0,,0,0,0,0,0
374720,F78AA2,1982,4,13,48.7,,28.5,4.2,54.7,0,,0,0,0,0,0
626000,87A3A0,1997,5,28,42.3,,12.4,3.7,90.7,0,,0,0,0,0,0
722650,AAE668,1979,5,24,51.7,920.5,16.6,11,69.3,0,,1,1,1,1,1
722408,9892CF,1985,1,7,44.8,,7,3,57.8,0,,0,0,0,0,0
716180,B08843,2003,5,4,23.2,921.3,,9.6,46.5,0,,0,0,0,0,0
239550,6E9E42,1970,11,16,-22.8,,24.1,3.5,-17.9,0.02,,0,0,0,0,0
854690,8E983A,2005,7,25,59.4,,5,6.2,63.3,0.42,,0,0,0,0,0
296020,A65E5D,1969,7,4,62.4,,31.1,9.5,80.4,0,,0,0,0,0,0
865750,10AA24,1983,12,7,59.8,,10.9,9.3,72,0,,0,0,0,0,0
548230,924D06,1989,6,8,60.5,,5.4,7.5,64.5,0.16,,0,0,0,0,0
384010,C67A6C,2010,3,24,14.4,,4,10.7,21.1,,,0,0,0,0,0
999999,E2E859,1947,3,22,43.6,970.7,14,28.4,63.3,0,,0,0,0,0,0
123300,10E04F,1983,10,20,39.6,,6.6,11.7,47.1,0,,0,0,0,0,0
936150,2D3213,1999,10,21,48,,,14,54,0.39,,0,0,0,0,0
119930,4E2882,2004,8,12,59.3,991.5,18,1.2,68.9,0,,0,0,0,0,0
722618,46CB8F,2008,6,14,55.5,,10,11.6,87.5,0,,0,0,0,0,0
606200,36C07F,1985,11,10,49,,6.8,,76.2,0,,0,0,0,0,0
722029,66A1DD,2000,1,22,47,,9.9,5.7,58.1,0,,0,0,0,0,0
983280,6282F9,1993,8,20,62.9,852.1,3.8,5,64.5,2.13,,1,1,1,1,1
718080,43540,2008,7,3,53.7,,0.1,4.7,53.7,0,,1,1,1,1,1
724085,9A1E52,1976,7,17,64.2,,7.9,9.3,75.2,,,1,1,1,1,1
999999,CF4465,1966,2,14,29.9,986.9,7,0.7,35.9,0,,0,0,0,0,0
586470,8D4C51,1995,3,17,39.5,,12.4,5.8,44.8,0,,0,0,0,0,0
992140,34B202,2002,4,19,,991.4,,12.5,46.5,0,,0,0,0,0,0
724458,93F2CC,1975,11,7,58.4,,14.6,6.7,67,0,,0,0,0,0,0
591170,FD5988,1999,3,10,51,1003.1,10.3,3.6,54.8,,,0,0,0,0,0
600400,AB2773,1983,1,2,46.2,,6.9,7.5,59.4,0,,0,0,0,0,0
535930,BCEBAF,1993,3,8,9.1,,18.2,0.8,31.7,0,,0,0,0,0,0
162450,FE610D,1995,6,2,57.6,,6.8,4.7,62.7,0,,0,0,0,0,0
724837,AEA133,1966,5,9,50.2,1001.6,10.4,9.4,63,0.16,,0,0,0,0,0
623930,D5A172,1995,7,8,55.1,,6.2,11.5,96,0,,0,0,0,0,0
21630,CD664B,1977,5,6,46.2,,4.2,6.1,51.6,0,,1,1,1,1,1
223240,2F6921,1984,4,24,28.2,,24,11.4,36.7,0.04,22,0,0,0,0,0
766910,1C6511,1988,3,4,68.3,,4.4,11.5,72.5,0,,0,0,0,0,0
232210,DFDF58,2010,2,25,-7.3,,3,10.3,-2.2,,,0,0,0,0,0
156150,E9DE18,1991,6,26,37.3,718.1,6.2,12.2,37.8,0,,1,1,1,1,1
477150,77C74A,1984,10,2,60.8,,7,7.2,72.1,0,,0,0,0,0,0
483830,81A37B,1991,4,25,69.9,,7.9,1.5,85.9,0,,0,0,0,0,0
717150,FCAFE5,1995,7,20,57.4,990.4,9,3.9,64.5,0,,0,0,0,0,0
332870,4228F9,1976,8,11,53.2,,16.2,4.9,60.4,0,,0,0,0,0,0
787040,3CC7E1,2009,4,20,72,1012.8,7.8,4.6,82.5,0,,0,0,0,0,0
162800,41EC27,1989,2,1,43.5,1012.2,5.4,5.4,48,0,,0,0,0,0,0
912510,9D05D0,1997,6,5,,,,14.1,79.5,0,,0,0,0,0,0
95520,5C4000,1987,4,19,43.4,,4.3,7.2,50.4,0.01,23.6,0,0,0,0,0
117820,FCFABE,2009,4,17,42.6,,6.5,9.7,55.5,0,,0,0,0,0,0
918430,0CED04,1997,2,24,75.4,,9.7,19.5,78.1,0.71,,0,0,0,0,0
719494,F5B32C,2000,11,22,-0.7,,12.9,3.4,4.2,,,0,0,0,0,0
100380,AE0D46,1998,8,15,60.3,1011.2,4.6,7.1,65.5,0.02,,0,0,0,0,0
541570,998D41,1992,1,26,5.4,,9.1,6.4,21.7,0,,0,0,0,0,0
477350,1890BD,1974,2,1,23.6,,6.8,10.1,41.9,0,,0,0,0,0,0
722590,21BF52,1990,3,16,38.4,993.3,15.9,6.1,57.7,0,,0,0,0,0,0
937800,B41E0F,1992,8,6,35.5,,26.2,4.1,43.3,0,,0,0,0,0,0
851410,F8C80E,2002,8,16,73.9,993.8,3.3,0,82.2,0,,0,0,0,0,0
85430,9B249F,2005,9,28,58.1,1020.5,,3.4,67.3,0,,0,0,0,0,0
478840,BAFBF0,1996,7,17,74.6,,7,13.9,84.5,0,,0,0,0,0,0
35070,FA1256,2005,8,1,46.3,982.3,13.5,1.7,55.9,0.16,,0,0,0,0,0
40180,A0D202,1943,10,29,32.9,,21.7,7.8,37.9,,,0,0,0,0,0
117350,8BC8A3,1995,8,31,33.2,840.3,0,19.4,33.2,0.08,,1,1,1,1,1
646590,874826,1998,2,9,55,,12.4,0,86.1,0,,0,0,0,0,0
719430,2F40E4,1997,2,28,8.3,923.9,13.3,11.1,19.1,0,18.1,0,0,0,0,0
671610,3B81F9,1993,5,5,69.9,1013,22.3,4,77.1,0,,0,0,0,0,0
717385,302766,2010,3,14,28.9,,,6.9,47.2,0,,0,0,0,0,0
223830,52BC0F,1989,12,7,0.2,985.8,12.2,7,3.2,0,12.2,0,0,0,0,0
121950,609CD2,1954,4,27,24.8,,12.4,3.5,34.5,0.02,,0,0,0,0,0
250420,37BF12,1991,5,12,20,,14,4.9,23.2,,,0,0,0,0,0
106160,648E1C,1975,7,1,39.1,,7,6.9,55.1,0.04,,0,0,0,0,0
528360,50884F,1978,5,13,5.4,689.1,24.1,5.6,56.5,0,,0,0,0,0,0
852420,287C65,1959,2,25,38.6,,31.1,6.4,53.6,0.02,,0,0,0,0,0
724509,271541,2002,10,28,44.1,,4.2,4.3,45.1,0.33,,0,0,0,0,0
474240,F4A745,1997,8,1,67.8,1009.6,,6,71.5,0,,0,0,0,0,0
104390,FB16A8,1994,2,16,13.5,1004.7,10.2,2.6,23.5,0,,0,0,0,0,0
999999,EF96A1,1950,10,18,54.1,980.8,9.9,12.3,73.1,0,,0,0,0,0,0
999999,F1DAC7,1962,7,8,60.9,1012,9,8.7,66.3,0,,1,1,1,1,1
945410,9EE9B6,2008,10,2,51.1,945.8,,5.1,65.8,0,,0,0,0,0,0
406650,98204A,1954,8,29,67.9,,9.9,7.3,95.3,0,,0,0,0,0,0
983275,EE05E0,2006,10,20,67.1,,6,4,79.1,0,,0,0,0,0,0
576690,CDD2F0,1988,5,8,55.2,,3.7,3.4,57.9,0.55,,0,0,0,0,0
111800,1193C2,1995,10,31,38.3,848.1,,4.4,39.4,0.35,,1,1,1,1,1
724007,659DCC,2005,9,12,62.7,,10,3.1,71.3,0,,0,0,0,0,0
305260,E84DA5,1996,7,7,59,,26.4,1.9,64.5,0.31,,0,0,0,0,0
637660,26DF47,1993,8,25,57.6,,21.9,5.2,66.7,0,,0,0,0,0,0
718650,C9913C,2005,4,9,42.2,927.4,,8,52.7,0,,0,0,0,0,0
722068,189628,1982,11,20,65.1,,3.1,9.5,67,0,,1,1,1,1,1
472185,8AA037,1991,11,11,25,,7,20.5,39.2,,,0,0,0,0,0
62800,3D6568,2006,6,10,53.9,1023.4,8.7,5.8,67.2,0,,1,1,1,1,1
718775,E12584,1981,3,4,30.6,,7,0.6,33.8,0,,1,1,1,1,1
476410,F44FB3,1956,3,8,,985.3,,5.8,35.5,0,,0,0,0,0,0
217490,CD62F4,1971,6,27,45,,12.4,8.5,50.5,0,,0,0,0,0,0
723270,A35148,1975,3,29,51,988.5,7,12.1,56.9,1.97,,1,1,1,1,1
14700,BC6DE8,1983,7,18,54.6,,23.6,0,59.1,0.37,,0,0,0,0,0
949999,EF9C93,1975,10,31,46.4,995.2,,12.5,67.1,0,,0,0,0,0,0
722655,885451,1963,12,31,26.2,936.5,22.4,6.1,37.3,0,,0,0,0,0,0
541350,40FBBC,1989,2,4,-0.7,,17.5,2.9,17.1,0,,0,0,0,0,0
28010,E4D60E,1980,3,4,-22.3,,28,0.5,-18.4,0,,0,0,0,0,0
946790,4E473C,2004,2,22,50.6,,19.9,3.8,56.3,0.02,,0,0,0,0,0
12230,51EB5C,1974,7,12,44,,7,4.9,57.4,0,,0,0,0,0,0
442420,8EDC30,1975,3,4,11.1,,15.5,2.3,18.2,0,,0,0,0,0,0
726375,36C13D,2010,3,6,18.9,,10,2.7,30.7,0,2,0,0,0,0,0
249880,AADFFD,1985,3,17,-23.4,,31.1,0,-9.3,0,18.1,0,0,0,0,0
103820,9624C1,1977,12,4,27.7,,6.1,5.1,35.3,0,,0,0,0,0,0
704540,98DDAD,1981,7,6,42.2,1021.3,4.2,11.7,46.2,0.05,,1,1,1,1,1
942980,73004D,2005,12,20,,1012.5,,18.2,82.3,0,,0,0,0,0,0
782550,16B785,2008,12,5,67.2,,5.4,7.4,72.4,0,,0,0,0,0,0
949170,DD105A,1997,8,15,40.9,1011.1,31.1,3.5,53.4,0,,0,0,0,0,0
322150,4.17E+41,1996,7,2,47,,3.1,2.4,47.7,0.02,,1,1,1,1,1
26540,5DE2A4,1973,6,18,45,,34.8,6.4,57.9,0,,0,0,0,0,0
722670,40886F,1988,12,26,45.9,897,11.8,18,54,0,,1,1,1,1,1
786270,4E329C,1984,7,5,56.5,,11.9,3.4,64.3,0.14,,0,0,0,0,0
353940,CF11DC,1982,3,24,9.7,,19.7,7.8,19.7,0,,0,0,0,0,0
115670,BA6DDF,2003,8,29,51.8,969.6,13.1,8.6,70,0,,0,0,0,0,0
167340,217DFF,1987,4,20,54.9,,5.4,8.8,59,0,,0,0,0,0,0
239140,BB2251,1966,12,24,8.1,,3.3,11.8,11.1,0.28,,0,0,0,0,0
320270,3FC4D7,1979,11,20,1.6,,31.1,2.9,9.3,0,2.8,0,0,0,0,0
947440,23293D,1994,12,1,44.3,,5.3,6.7,45.3,0.04,,1,1,1,1,1
264030,C63373,1973,9,18,37.9,,26.4,2.9,42.8,0,,0,0,0,0,0
13920,1536C4,2005,6,1,34.3,993,,3.6,50.1,0.03,,0,0,0,0,0
11560,7FE067,2008,4,16,27.5,1012.7,,18.5,34.6,0.03,,0,0,0,0,0
24290,4D3DAD,2003,10,20,21.3,,29.1,2.7,26,0,,0,0,0,0,0
725126,BEADD9,1993,1,27,17.6,,10.8,8.4,26.4,0,,0,0,0,0,0
579320,F1CAE2,1960,11,12,50.3,,14.4,2.6,57.3,0.06,,0,0,0,0,0
729370,3BE57B,1977,6,5,31.1,1015.9,14.9,16.2,32,0,2,0,0,0,0,0
304690,5C4599,1970,5,10,26.9,,20.3,0,40,0.12,,1,1,1,1,1
323790,9B510E,1975,3,27,11.1,,31.1,2.7,30.9,0,,0,0,0,0,0
70390,468CB5,2003,6,15,54.8,1013.4,,4.7,63.5,0,,0,0,0,0,0
340630,C9642D,1976,7,8,50,,3.3,10.2,53.6,0.01,,0,0,0,0,0
471100,675758,1974,12,31,25.6,,4.6,3.4,30.5,0,,0,0,0,0,0
343000,F593B5,2002,12,8,-2.6,,6.2,10.7,5.6,0,,0,0,0,0,0
111550,1FA2A2,1984,9,12,42.7,,0.8,28.5,43.2,0.79,,0,0,0,0,0
561440,096EE2,2004,4,26,19.1,690.9,18.6,2.2,50.8,0,,0,0,0,0,0
37683,205496,2008,7,31,60.7,,6.2,5.5,72.7,,,0,0,0,0,0
167464,9E9647,1984,3,6,44.6,,6.7,14.8,51.2,0.31,,1,1,1,1,1
275950,288BE9,1973,1,23,-14.6,,4.1,5.8,-7.4,0,15,0,0,0,0,0
746710,EB013E,1955,1,31,22.2,1004.3,7.8,8,30.9,0,,0,0,0,0,0
306920,B8EA4D,1986,8,15,52.3,,17.7,2.2,54.9,0.12,,0,0,0,0,0
725370,0DBCF1,1981,1,28,24.8,985.8,6.9,6.2,29.1,0.04,,1,1,1,1,1
725750,A13BF9,2002,4,24,13.2,,10,8.1,48.5,0,,0,0,0,0,0
91700,81D52A,1987,5,28,43.2,,13.5,11.7,49.6,0.01,,0,0,0,0,0
614920,27A049,2001,1,28,18.1,1015.1,6.2,8.5,81.5,0,,0,0,0,0,0
248070,F59675,1981,6,6,32,,31.1,7.8,63.1,0,,0,0,0,0,0
829930,45C57C,1994,10,2,71.9,,7.4,4.6,76.5,0.04,,0,0,0,0,0
102350,D8F19B,1979,8,3,54.8,,12.8,7.3,63.7,0.08,,0,0,0,0,0
955650,E1CE78,2008,10,18,54.5,1021.7,,7.6,67.7,0,,0,0,0,0,0
810010,3C418F,1980,4,1,73.7,,7,9.7,81.5,0,,0,0,0,0,0
311630,9CD536,1980,3,13,-7.3,,31.1,13.9,13.5,0,,0,0,0,0,0
474040,0C98F0,1955,7,28,,1006.8,,8,76.2,0.02,,0,0,0,0,0
689350,A2B6BD,2001,9,11,43.3,1012.2,,8.7,53.8,0.12,,0,0,0,0,0
34000,674A33,1973,4,23,42.3,,11.2,19.4,45.1,0,,0,0,0,0,0
718150,A2C2C0,2003,11,27,28.7,1017.5,15,10,36.4,0,,0,0,0,0,0
376750,9CE009,1989,10,4,52.4,,2.5,3.4,55.3,0.04,,0,0,0,0,0
579720,61DF1B,1962,3,30,48.3,,11.5,0.6,62.4,0,,0,0,0,0,0
987480,5E1F2B,1987,5,31,77,,11.4,3.6,85.5,0.04,,0,0,0,0,0
995250,04B6F1,2009,2,14,30.7,,,14,39.6,0,,0,0,0,0,0
442920,9390D7,1978,4,22,26.1,,14.6,6.6,40.1,0,,0,0,0,0,0
66500,2CB77B,2002,9,23,43.7,956.3,,2.8,46.6,0.94,,0,0,0,0,0
343980,EA7179,1977,5,22,49.6,,12.4,,69.1,0,,0,0,0,0,0
470220,C06806,1989,9,26,38.5,882.6,9.9,0.7,46.4,0.04,,0,0,0,0,0
474010,A6EBCE,1984,9,25,41.9,,16.7,9.7,55.7,0.83,,0,0,0,0,0
620020,871695,1987,10,7,62.4,,6.2,12.8,74.8,0,,0,0,0,0,0
230320,DFF7F3,2003,6,6,29.5,1003.7,7.9,8,31.6,0,,0,0,0,0,0
85540,DCF3FB,1977,10,11,54.9,,5.7,3,61.1,0,,0,0,0,0,0
676930,603A0B,1987,4,10,62.4,,18.6,6.7,75.2,0,,0,0,0,0,0
946010,D3F186,2006,3,20,62.2,1014,,12.3,73.6,0,,0,0,0,0,0
959610,6AFDBD,1997,5,21,,1020.8,,6.6,50.6,0,,0,0,0,0,0
304330,9AAEDE,2008,7,14,51.5,952.7,31.1,2.7,58.4,0.04,,0,0,0,0,0
834970,430417,1974,9,29,68,,12.4,3,75.5,0,,0,0,0,0,0
311740,C5BC27,2004,11,30,7.4,1012.2,15.3,10,12.9,0,2.8,0,0,0,0,0
104380,5FBB44,1973,11,9,43.5,,5.8,4.1,50,0,,0,0,0,0,0
425910,DCAE88,1999,10,18,72,,2.5,2.8,74.9,0,,0,0,0,0,0
959610,92B8A7,1999,11,8,,1007.5,,16.7,51.5,0,,0,0,0,0,0
105060,C2F808,1996,2,17,31,956.8,11.6,15.6,34.9,0.04,1.2,0,0,0,0,0
724088,49362D,1961,12,6,23.6,1012.5,8.5,7.5,41.2,0,,0,0,0,0,0
475200,2488C6,1993,6,14,67.3,992.5,,3.6,72.3,0.63,,0,0,0,0,0
314890,AD5CB8,1966,12,12,-5.5,,9.2,0.2,-2.9,0.16,,0,0,0,0,0
890530,E30F33,2000,8,30,23.1,993.1,5.7,12.5,30.3,0.03,,0,0,0,0,0
259020,E4B766,1993,9,1,39.4,904.2,28.6,4.4,42.2,0.14,,0,0,0,0,0
106370,E133B9,1991,4,5,36.5,990,20.3,8.8,48.8,0,,0,0,0,0,0
718230,EC7143,1991,1,4,-28.4,974.4,7.7,5.8,-18.8,0.02,34.3,0,0,0,0,0
475740,E5EE1A,1989,4,8,45.5,,7.1,4,56.1,0.28,,0,0,0,0,0
129320,0A9825,2002,7,30,64.4,,5.3,3.9,72.3,0,,0,0,0,0,0
104990,116ED0,1969,1,1,17,,4.2,14.4,21.3,0.06,,0,0,0,0,0
317250,5E8989,1979,1,15,-14.3,,15.5,1.9,-12.3,0,,0,0,0,0,0
839850,5489DC,2003,10,23,47.9,,6.2,5.3,72.1,0,,0,0,0,0,0
710140,7FE84E,2010,4,2,8.7,,,,36.4,0,,0,0,0,0,0
842390,10CCF5,1986,4,1,43.8,,11.2,6.5,66.5,0,,0,0,0,0,0
911780,D7538D,2001,9,17,67.6,,10,7.7,81,0,,0,0,0,0,0
701170,6323F8,1978,6,1,29.7,,21.8,23.7,34.6,0,,1,1,1,1,1
315100,C2945B,1987,2,27,1.4,,,4.4,10,0,,0,0,0,0,0
26410,9728A4,2008,6,28,49.3,,6.4,5.3,56.5,,,0,0,0,0,0
965950,80413C,2010,2,25,75.6,1006.8,3.5,1.5,78.2,0.75,,0,0,0,0,0
318950,21778A,1973,9,17,39.7,,15.7,1.5,48.4,0,,1,1,1,1,1
62650,1D0E71,1975,8,7,58.5,,6.4,6.6,79.9,0,,0,0,0,0,0
66200,99ECE0,1956,5,24,49.8,,15,2.1,54.7,0.01,,0,0,0,0,0
309350,A3FD62,1999,6,10,53.7,,31.1,3.1,76.1,0.03,,0,0,0,0,0
319890,EB154C,1990,3,11,30.7,1001.8,18.8,3.9,38.2,0.04,,1,1,1,1,1
726228,68E3CD,2002,2,22,26.9,,8.1,6.2,29.1,0.1,,1,1,1,1,1
246880,6AC29F,1996,6,15,38.6,920.9,31.1,1.4,63.5,0,,0,0,0,0,0
406370,F7F063,1967,1,13,37.8,,18.5,3.2,51.6,0,,0,0,0,0,0
578530,F0A39F,1964,7,22,71,,30.6,4.3,84.6,0.04,,0,0,0,0,0
208560,389777,1983,9,9,40.1,,8.6,5.3,40.2,0.02,,1,1,1,1,1
853150,33A776,1991,10,7,40.2,,10.8,6,58.5,0,,0,0,0,0,0
812250,6ABFDE,1987,5,8,74.8,,7.9,2.3,79.4,0.43,,0,0,0,0,0
254280,0D4750,1989,9,1,34.2,,31.1,4.4,43,0,,0,0,0,0,0
726797,0AC46B,1994,3,16,22.5,,24.2,8.5,51.8,0,,0,0,0,0,0
919480,BB60AF,1997,11,30,66.6,1003.1,7.2,6.3,75.4,0.59,,0,0,0,0,0
718760,849B22,2003,2,1,18.2,940,2.9,8.1,20.1,0.01,4.3,1,1,1,1,1
38090,B4661B,1986,5,14,44.2,,11.2,12,46.9,0.35,,0,0,0,0,0
419220,8D70B4,1945,1,22,55.7,,5.5,2.2,66.1,0,,0,0,0,0,0
320690,D9924B,1979,10,11,26.9,,31.1,4.2,35.1,0,,0,0,0,0,0
915700,E2DF00,1979,1,19,,,,9.9,76.7,0,,0,0,0,0,0
154890,0D1F43,1992,2,25,30.4,1019.2,5.8,3.3,35.5,0,1.2,0,0,0,0,0
714060,76FE83,2002,11,25,31,983.9,5.2,16.8,35.7,0,,0,0,0,0,0
295620,CFA2D2,1981,8,19,53.3,,19,2.2,60.3,0.04,,0,0,0,0,0
837800,947995,1997,9,21,60.1,920.8,5.6,6,65.2,1.14,,0,0,0,0,0
35070,64A527,1985,2,16,23.9,,,8.9,23.9,0,,0,0,0,0,0
725525,1399B1,1973,9,23,62.3,,8.8,8.4,68.5,0,,1,1,1,1,1
161050,04A0ED,1997,8,31,60.8,1017.7,8.9,4.9,70.2,0,,0,0,0,0,0
247180,21BBB6,1982,12,1,-44.3,,14.4,0,-38.1,0.02,,0,0,0,0,0
228200,68420B,1981,7,5,52.9,,29,8,64.6,0.08,,0,0,0,0,0
999999,E94D34,1961,3,30,29.1,1003,9.7,8.2,47.9,0,,0,0,0,0,0
267630,5CCC2D,1988,6,11,57.8,,3.6,3.2,60.6,0.71,,1,1,1,1,1
30100,584433,1998,9,13,47.9,,0,19.2,53.3,0,,0,0,0,0,0
66040,896AC7,2009,8,10,61.8,961.7,,4.1,66.3,0.08,,0,0,0,0,0
722517,6BD6C8,1997,7,29,72.2,,14.1,8,87.3,0,,0,0,0,0,0
661600,A79C51,1963,4,14,75.5,,14.8,6.8,79,0,,0,0,0,0,0
727486,85D8D5,2002,2,11,21.7,,10,11.3,29.9,,,0,0,0,0,0
110300,FFDD43,2004,6,29,53.3,,,3.8,62.7,0,,0,0,0,0,0
612140,74D6D9,1966,11,22,41.5,,18.6,0.5,78.5,0,,0,0,0,0,0
723536,381205,1994,7,25,72,,13.2,6.9,81.1,0,,0,0,0,0,0
957040,7BAA36,2009,4,1,55.1,1003,,15.4,76.1,0,,0,0,0,0,0
489125,CF4571,1970,5,5,75.2,1007.7,6.8,2.2,84.8,0,,0,0,0,0,0
474070,29F974,1976,4,26,37.2,,3.9,3.6,50.9,0,,1,1,1,1,1
726880,1B4BF8,1974,3,7,17.2,953.8,20.5,6.9,33.3,0,,0,0,0,0,0
379070,369EA8,1977,6,9,54.7,,12.4,3.6,69.5,0,,0,0,0,0,0
35963,BAE2F6,1980,7,13,41,,6.6,4.8,55.6,,,0,0,0,0,0
713985,770456,2006,3,25,34.4,,,2.9,38.5,0,,0,0,0,0,0
347590,F6F937,1970,3,14,26.7,,10.1,17.4,34,0.31,,0,0,0,0,0
67170,0C8C53,1992,2,3,-4,755.5,,14.5,22.2,0,,0,0,0,0,0
949999,F5DF97,1965,10,3,42.5,1012.7,,5.9,56.9,0,,0,0,0,0,0
590650,CF95F1,1960,6,16,73,,,,76.5,0.55,,0,0,0,0,0
830630,DF1C42,1973,7,20,61.2,,12.4,5,87.8,0,,0,0,0,0,0
42020,DFA9D1,1984,6,16,26,,7.3,5.4,46.7,0,,0,0,0,0,0
724056,7CBB13,2006,8,6,65.2,,6.7,3.6,78,0,,0,0,0,0,0
144470,079A10,2010,1,28,34.3,1001.9,7.9,2.4,41.9,0.2,,0,0,0,0,0
375490,9ECE10,1965,11,15,45.3,,8.3,10.9,53.7,0,,0,0,0,0,0
725784,FAB461,2003,12,11,33.6,,,0,34.5,0.31,,0,0,0,0,0
29420,82518D,1975,11,7,34.2,,3.7,4.2,35.8,0,,1,1,1,1,1
389870,963F00,1995,9,19,35.4,,10.4,2.6,77.1,0,,0,0,0,0,0
153020,29681D,2001,11,23,24,879.1,11.4,1.8,30,,1.6,0,0,0,0,0
341230,B48C93,2001,12,29,21.4,,7.4,1.7,24.2,,,0,0,0,0,0
746715,F80286,1982,11,26,34.3,,9.9,3.3,41.4,0,,1,1,1,1,1
471040,BB7895,1970,3,25,19.2,1015.4,7,4.1,36.7,0,,0,0,0,0,0
272420,229486,1963,3,19,-9,,4.8,6.7,-2.5,0.01,,0,0,0,0,0
305670,09FD6D,1980,4,29,12.2,,31.1,0.5,22.6,0,,0,0,0,0,0
63100,16049E,1992,3,15,36.1,,14.9,9.6,41.5,0.12,,0,0,0,0,0
476150,13D91B,2000,9,7,71,997.8,2.6,4,75.4,0.1,,0,0,0,0,0
151270,55B2AA,2002,9,23,57.4,918.6,10.5,3,60.9,0.02,,0,0,0,0,0
471680,F356CA,2004,1,8,18.2,1021.9,10.9,10.2,41.6,0,,0,0,0,0,0
726366,BB6694,1980,6,11,,,11.5,8.2,51.2,0,,0,0,0,0,0
82270,DAF147,1973,2,1,32,944.5,6.2,10.3,42.6,0,,0,0,0,0,0
24960,ABC580,2000,9,5,37.3,1013.6,31.1,7.3,54,0,,0,0,0,0,0
76520,9B7BAA,1990,9,13,61.2,,13.6,12.6,68.7,0,,0,0,0,0,0
726626,48707E,1997,7,30,53.3,,10,2.3,62,0,,0,0,0,0,0
304240,120DB8,1975,10,25,3.9,,7,4.9,14,0,,0,0,0,0,0
999999,2F112F,1953,11,5,23.7,967.9,6.4,7.8,46,0,,0,0,0,0,0
309570,6C3D4A,1959,12,17,-22,,31.1,1,-16,0,,0,0,0,0,0
315610,B2FC58,1937,7,30,,,9.9,16.7,64,0,,0,0,0,0,0
722166,786DBB,1983,6,11,66.1,,8.9,7.1,73.4,0,,0,0,0,0,0
76530,603CAA,1991,5,25,54.4,,11.1,8.3,65,0,,0,0,0,0,0
29840,300BBE,1988,11,10,34.3,,10.5,16.8,37.8,0,,0,0,0,0,0
605710,E56C80,2002,10,3,46.5,928.8,6.2,9.3,73.5,0,,0,0,0,0,0
874800,FFFD30,1979,5,14,48.6,,2.9,2.6,52.8,0,,1,1,1,1,1
945000,F225B9,1984,9,18,35.2,,31.1,8.2,55,0,,0,0,0,0,0
39570,FEF592,1975,8,24,53.1,,23.2,6.3,58.3,0,,0,0,0,0,0
165600,021FB0,1975,4,17,50.7,,6.7,6.6,58.8,0,,0,0,0,0,0
725046,5EF8E9,1987,4,24,,,2.5,5.6,58.5,,,1,1,1,1,1
277070,28173,1964,1,28,-11.7,,8.3,10.7,-5,0,,0,0,0,0,0
999999,DB1053,1966,5,19,72.1,1006.4,5.6,12.9,74.1,,,1,1,1,1,1
287910,5C82B2,1979,8,13,46.4,,22.8,4.9,58.1,0,,0,0,0,0,0
477640,C6E60C,1977,7,10,75.4,1001.4,4.4,0.9,78.2,,,1,1,1,1,1
506320,559A31,2008,9,27,18.1,934.5,18.6,7,38.5,0,,0,0,0,0,0
728340,6A131D,1976,9,24,31.5,976.6,8.2,5.2,33.7,0.12,,1,1,1,1,1
747910,FB0621,2006,7,28,78.6,,8.5,10.6,85.6,0,,0,0,0,0,0
684910,64C412,1998,5,19,57.5,1019,,3.5,60.3,0,,0,0,0,0,0
723560,6E836A,2000,7,6,69.5,,9.8,7.3,84.4,0,,0,0,0,0,0
431500,D22381,2009,3,16,73.4,1003,2.5,2,81,0,,0,0,0,0,0
915570,B0FFEF,1993,7,14,65,,15.7,4.3,69.2,0.02,,1,1,1,1,1
386130,EE952A,2002,7,15,56,,31.1,2.9,82.8,0,,0,0,0,0,0
725720,B288D6,1988,9,2,38.5,874.5,18.4,4.4,74.6,0,,0,0,0,0,0
722670,0FA706,1989,8,19,62,903.6,14.9,10,80.9,0,,0,0,0,0,0
411960,B04314,1988,3,26,58.3,,6.6,4.4,67.5,0,,1,1,1,1,1
725103,2421AA,2005,2,22,28.7,,6.6,3.8,36.2,0,,0,0,0,0,0
274790,60CD40,1999,4,27,38.4,,31.1,1.9,55.6,0,,0,0,0,0,0
12450,F3B87C,2008,5,29,38.7,948.6,24.9,1,62.2,0,,0,0,0,0,0
987510,E2974D,2002,1,12,68.9,942.1,14.1,0.5,75.8,0,,0,0,0,0,0
488870,B6FE07,1956,12,13,72.8,,14.4,5,79,0,,0,0,0,0,0
153450,5C3F1C,1995,8,10,55.5,956.9,4.1,2.8,58.9,0.02,,0,0,0,0,0
918400,767038,1984,4,12,,,31.1,2,79.9,0,,0,0,0,0,0
107360,4B8B37,1989,1,6,36.5,985.3,6.2,6.9,43.5,0.08,,0,0,0,0,0
942940,337B6E,1949,6,1,56.5,,11.8,7.1,69.3,0,,0,0,0,0,0
871490,A491D5,1988,7,25,31.9,,11.6,4.2,50.4,0,,0,0,0,0,0
434670,AFC309,1974,5,6,72.2,,13,4,83.6,0,,0,0,0,0,0
718760,FEC677,2005,3,16,2.8,951.6,12.2,12.4,9.1,0,2.4,0,0,0,0,0
28690,342D22,1961,8,10,51,,10.4,4.5,55.2,0,,0,0,0,0,0
236780,7.50E+10,1980,6,25,33.5,,11.4,6.2,44.3,0.12,,0,0,0,0,0
787930,60A768,2003,2,13,63.9,1005.8,8.7,8.8,90.1,0,,0,0,0,0,0
973800,B8C53F,2007,8,15,68.5,1011,7.4,7.5,80.5,0,,0,0,0,0,0
30490,ABD225,1986,3,31,36.7,,28.4,4.6,39.9,0.04,,0,0,0,0,0
209400,C39F2D,1950,5,17,24.8,,12.4,12.7,27.5,0,,0,0,0,0,0
483250,778CA7,1995,8,12,75.1,984.1,5.4,1.2,80.1,0,,0,0,0,0,0
999999,9647DD,1967,12,12,23.4,948.1,3.6,10.7,26,,,0,0,0,0,0
999999,436DB7,1971,10,24,53.9,978.5,21.3,3.8,61.3,0,,1,1,1,1,1
729340,582AAE,1977,2,17,5.2,984.1,9.4,2.4,9.5,0.08,20.9,0,0,0,0,0
722193,E96C9F,2008,6,21,59.4,,9.8,2.1,73.1,0,,0,0,0,0,0
407780,C3523F,1950,2,12,31.8,,7.8,3.2,37.8,0,,0,0,0,0,0
945640,500EE7,1993,10,3,61.3,1011.9,12.4,9,71.5,0,,0,0,0,0,0
942030,8B91D5,1955,11,5,72.8,1006.6,21.7,7.2,83.6,0,,0,0,0,0,0
162340,D54FE7,1980,1,21,41,,2.8,0,45.1,0,,1,1,1,1,1
723629,48C0DC,2008,9,21,67.1,,9,3.6,75,0,,0,0,0,0,0
233300,A0D78F,2005,5,13,33.8,1023.6,12.4,4.4,39.8,0,27.2,0,0,0,0,0
939940,F694EC,1996,5,10,57.4,,,4.3,67.5,0.02,,0,0,0,0,0
162530,F6DE20,2008,12,18,40,,6.3,3.7,45,0.45,,0,0,0,0,0
722979,F344DA,1973,11,19,38.1,,19.9,6.8,61,0,,0,0,0,0,0
265850,48FBA1,1977,10,25,40.2,,9.8,3.1,41.8,0.21,,0,0,0,0,0
702757,001C8E,1992,7,15,50.9,,4.8,3.3,52.1,0,,0,0,0,0,0
962210,6BC3EC,1973,10,1,74.5,,9.7,5.6,84.6,0,,0,0,0,0,0
717070,5D3575,1958,4,15,30.1,1006.7,14.3,10.3,36.6,0,,0,0,0,0,0
984340,A75207,1999,10,3,77.1,,14.3,0.8,81.6,2.64,,0,0,0,0,0
267810,AD9499,1987,3,9,9.7,,6.2,7.5,22.6,0,,0,0,0,0,0
722675,721F52,1954,3,9,17.2,895.6,14.5,13.3,58.3,0,,0,0,0,0,0
332030,829713,1981,10,6,49.7,,5.5,1,51.8,0.39,,0,0,0,0,0
222920,9F087A,1980,11,30,-27.4,,14.7,15.9,-21.3,0,,0,0,0,0,0
161080,97BB9E,1976,2,6,33.7,,5.1,6.1,44.8,0,,0,0,0,0,0
310880,40BA58,1966,9,13,44.4,,29.5,5.5,47.5,0.01,,0,0,0,0,0
111050,5F5468,1994,3,16,36.5,967.3,8.1,2.8,47.7,0.12,,0,0,0,0,0
107370,D15B67,1941,3,6,25.6,,9.2,3.4,36.5,0,,0,0,0,0,0
11025,B4BE8C,2006,10,14,51.4,,3.4,24.8,52.1,,,1,1,1,1,1
22340,5488AC,1987,9,6,49.3,,4.6,4.6,52.2,0,,1,1,1,1,1
64000,752EB1,1998,4,13,31.5,,11.9,12,40.6,0.04,,0,0,0,0,0
877650,3E0B77,1997,8,30,28.6,919.7,9.3,16.8,36.6,0,,0,0,0,0,0
702223,513A63,2010,1,22,-23.1,,10,0.8,-15.6,0,,0,0,0,0,0
111420,7157FF,2003,5,15,35.6,946.6,10.6,2.7,46.9,0.03,,0,0,0,0,0
76270,FDDAEB,2004,5,8,38.9,967,7,8.2,47.2,0.08,,0,0,0,0,0
356710,5D99C1,1984,1,27,-11.5,,12.4,1.9,-4.3,0,,0,0,0,0,0
62650,B22113,1978,12,23,25.8,,2.8,4,29.2,0,,0,0,0,0,0
471330,69C901,2006,2,21,28.8,1012.8,4.9,2.2,42.9,,,0,0,0,0,0
537050,0D6D22,1973,5,10,45.7,883.6,26.1,11.3,60.1,,,0,0,0,0,0
33463,BC2776,1991,3,12,49.7,,0.7,5,49.8,,,1,1,1,1,1
23360,3D5854,1978,8,26,43.7,,28,19.1,54.5,0.05,,0,0,0,0,0
723927,8.61E+34,1984,7,20,,,12.9,11.4,69.2,0,,0,0,0,0,0
302530,E50F89,1973,8,7,49.5,,,1,58.6,0,,0,0,0,0,0
723120,D48CCB,1999,9,16,44.3,972.2,9.9,13.9,73.5,0,,0,0,0,0,0
728630,C4CF8F,1973,4,19,35,937.7,10.7,12.6,38.3,3.74,,1,1,1,1,1
723565,6202B7,2007,8,10,70.9,,9.8,2.7,85.5,0.07,,0,0,0,0,0
956240,07E47C,2001,12,11,42.3,,12.4,6.5,72.4,0,,0,0,0,0,0
911760,2C5D08,1978,9,24,68.3,1016,14.9,5.3,80.2,0,,0,0,0,0,0
218240,90E45F,1966,5,27,19.3,,6.2,12.7,27.8,0.01,,0,0,0,0,0
725396,C9D070,1990,6,23,54.4,,6.9,13.8,58.2,,,1,1,1,1,1
712010,84765B,1999,2,10,,,,,36.9,0,,0,0,0,0,0
832080,941027,1988,5,5,64.8,947.3,9.1,9.5,67.5,0.31,,0,0,0,0,0
961710,DF3DEF,2009,3,20,74.3,1006.4,3.7,1.5,79.5,3.31,,0,0,0,0,0
61200,FB64E4,1984,8,1,59,,3.1,6.8,61.3,1.89,,0,0,0,0,0
740820,477E3A,1953,3,15,-19.8,1002.9,0,43.2,-14.8,0,,0,0,0,0,0
476120,EFBBAB,1977,4,27,45.7,,11.3,7.5,61.7,0,,0,0,0,0,0
690100,E4A532,1991,3,19,42.1,,3.1,6,53.1,0,,1,1,1,1,1
266450,6B0139,1973,11,24,30.5,,2.5,10.3,32.5,0.12,,0,0,0,0,0
725520,2D3145,1983,8,24,69.2,952.2,9.8,8.4,79.9,0,,0,0,0,0,0
73000,EA2543,1976,1,7,42.4,,11.7,4.5,45,0,,0,0,0,0,0
722275,F29A19,2004,8,5,75,,6.6,7.5,89.4,0,,0,0,0,0,0
639800,AC90B5,1982,2,25,74.3,,21.2,4.9,84.9,0,,0,0,0,0,0
105550,6C13C7,2004,1,9,33.4,971,,4.7,36.9,0,,0,0,0,0,0
30170,78982B,1984,10,19,47,,12.1,9.8,49.3,0.24,,0,0,0,0,0
720259,E2AE22,2005,6,14,60,,6.2,0.4,73.2,0,,0,0,0,0,0
485830,6D72C9,2006,8,2,72.7,1008,6.7,2.1,83.3,0,,0,0,0,0,0
725065,2C5A81,1986,10,12,46.4,,10.3,6.4,54.2,0,,0,0,0,0,0
945940,D14040,2001,7,16,44.6,1007.8,,11.3,62.1,0,,0,0,0,0,0
414430,056B21,2006,6,30,75.1,,3.4,7.7,86.8,0,,0,0,0,0,0
716320,D9B993,1987,3,24,32.7,995.2,8.9,1.2,41.7,0,,0,0,0,0,0
616970,C081AA,2009,11,22,65.4,1012.1,5.4,5.5,83.3,0,,0,0,0,0,0
722194,1B8320,2007,10,25,37,,10,14.1,45.9,,,0,0,0,0,0
949100,644C01,1990,7,13,47.5,994.4,14.2,0.1,51.3,0.01,,0,0,0,0,0
715880,5207A6,2007,11,22,26.9,,,1.7,30.1,0,,0,0,0,0,0
475690,ECC34C,2008,10,13,49.2,,7,5.2,61.7,0,,0,0,0,0,0
994340,28D7B5,2005,7,3,,994.2,,6.1,70.7,0,,0,0,0,0,0
724462,5F1C5D,2008,3,13,49.9,,9.1,6.7,61,0,,0,0,0,0,0
173000,ECD113,1986,9,28,60.5,,6.8,5.6,77.8,0,,0,0,0,0,0
833490,49AF39,1999,5,22,71.7,,7.9,8.9,77.4,0,,0,0,0,0,0
25840,09B673,1996,10,4,47.6,,12.4,16.5,52.9,0,,0,0,0,0,0
858740,368291,1990,5,9,35,940.7,3.2,2.1,37,0.12,,1,1,1,1,1
228870,689819,1973,6,30,58,,11.3,4.7,66.5,0.43,,0,0,0,0,0
594560,8CA745,1973,9,14,74.3,,21.3,5.1,80.3,0.01,,0,0,0,0,0
726065,E95A19,1988,10,9,,,10.3,10.7,43.7,,,0,0,0,0,0
725755,E743FA,1957,11,25,25.8,860.4,12.5,5.7,34.3,0,,0,0,0,0,0
336210,E446EC,1986,5,8,41.3,,19.8,2.8,57,0,,0,0,0,0,0
153550,A6387E,1998,4,4,,,6.2,7.8,60.3,0,,0,0,0,0,0
542360,F30BB4,1989,8,24,62.2,,10.6,3.9,72.1,0,,0,0,0,0,0
272170,8C5D54,1993,1,23,31.5,,9.6,10.9,33.2,0.24,10.6,0,0,0,0,0
12410,51B6A4,2000,3,1,28.4,,7.7,14.4,35.8,0.08,,0,0,0,0,0
612260,CA206B,1995,4,22,48.9,,,8.4,91.8,0,,0,0,0,0,0
294300,28DF96,2010,2,7,-27,1018.5,12.4,0.7,-21.9,0,28,0,0,0,0,0
143300,17F129,2005,7,12,55.2,951.6,6.2,2.9,59.9,0.13,,0,0,0,0,0
30110,9240D5,1991,1,29,35,,0,33,40.4,0,,0,0,0,0,0
655920,D93FDA,1978,9,3,71.2,,7.5,7.7,75,0.02,,0,0,0,0,0
723825,874A04,1977,10,10,30.4,,22.6,4.9,67.8,0,,0,0,0,0,0
725196,D048F2,1963,6,24,50.2,1011,13,4.2,65.4,0,,0,0,0,0,0
161190,D5C0F2,1992,10,12,47.1,,4.4,7.5,50,0,,1,1,1,1,1
724395,0B2B6B,2004,12,25,7.8,,10,11.3,22.4,0,,0,0,0,0,0
722484,5D5AF0,2006,1,24,39,,4.8,0.7,46.4,0,,1,1,1,1,1
718670,7EADCC,2009,5,16,22.1,989,15,5.9,42.7,0,,0,0,0,0,0
124000,0E80C5,1979,3,17,32.8,,2.9,10,34.3,0.16,,0,0,0,0,0
718730,CAE7E4,1998,12,25,-12.6,925.2,8.7,8.7,-6.6,0,,0,0,0,0,0
723755,F163E1,1980,11,29,9.4,791.3,12.9,3.9,42.5,0,,0,0,0,0,0
898600,AFCAF5,1992,7,9,-32.3,996.6,,,-21.7,0,,0,0,0,0,0
607150,106BBC,2007,1,10,52.3,,5.9,3.8,56.3,0,,0,0,0,0,0
724014,04EFD8,1993,10,31,44.1,,5.7,4,49.8,0,,0,0,0,0,0
289000,8D24A0,1971,2,5,-5.4,,3.1,2,-3.7,0,,0,0,0,0,0
162060,66034F,1969,5,13,57.2,,7.5,0.8,67.6,0,,0,0,0,0,0
725400,CDD431,1986,9,21,68.3,,,9.7,75.7,0,,0,0,0,0,0
726077,B47AA7,1997,9,13,59.8,,4.3,1.7,62.6,0,,0,0,0,0,0
319760,B1CA98,1957,9,8,42.5,,,18.5,44.7,0.04,,0,0,0,0,0
308790,2B65BC,1989,1,30,-2.9,938.9,25.6,4.1,1.1,0,5.5,0,0,0,0,0
220370,F1F304,1984,7,25,47.6,,3.5,4.9,48.6,0,,1,1,1,1,1
596580,B64202,1982,7,14,77.7,,16.7,4.4,84.6,0.08,,0,0,0,0,0
388910,F25A8E,1980,7,11,49.1,,17.4,9.7,87.8,0,,0,0,0,0,0
484600,D0DD4B,1981,12,8,56.9,,6.6,11.2,74.7,0,,0,0,0,0,0
618320,A7563C,1989,5,22,73.5,,10.2,12.9,83.9,0,,0,0,0,0,0
713720,16F4A6,2006,10,7,36.6,,,2.4,45.3,0,,0,0,0,0,0
711060,54B99E,1987,8,26,54.6,,11.5,4,58.6,0,,1,1,1,1,1
217280,56775B,1979,8,1,50.5,,26.4,11.7,59.9,0,,0,0,0,0,0
285410,6A1764,1979,3,15,19,,22.5,4.3,29.1,0.01,,0,0,0,0,0
680240,FA9C4D,1983,8,24,40.2,,43.5,12.9,59.9,0,,0,0,0,0,0
60410,EB5B2E,2003,7,5,57.9,1006.2,13.5,6.8,64.3,0,,0,0,0,0,0
305670,545EE6,1976,7,1,51.4,,24.9,1.2,60.4,0,,1,1,1,1,1
225410,40DFC9,1979,9,17,44.3,,9.9,5.5,46.1,0.05,,0,0,0,0,0
122700,60E5C0,1976,5,7,40.8,,6.4,9,50.2,0.01,,0,0,0,0,0
723119,FC4F39,2000,10,17,49.8,,9.7,1.4,66.5,0,,0,0,0,0,0
313480,59866B,1976,6,27,46.4,,1.9,4.3,49.1,0.39,,0,0,0,0,0
22930,D4863E,2007,10,29,43,,5.9,7.8,46.3,,,0,0,0,0,0
713830,0C9626,1998,6,19,59.2,952.6,,2.7,65.5,0,,0,0,0,0,0
233240,D32F55,1985,2,21,-21.7,,20.7,3.4,-16.2,0,,0,0,0,0,0
710563,19D8A6,2002,12,28,-4.4,,15,0.9,3.7,0,,0,0,0,0,0
717340,47288B,2007,9,9,43.8,984.2,,6,48.9,0,,0,0,0,0,0
548630,3E7D52,1990,3,17,13.7,,15.4,10.5,43.4,0,,0,0,0,0,0
241250,C0D334,1973,6,23,40.5,,21,3.3,45.6,0.24,,0,0,0,0,0
385450,03C2EE,1975,2,15,19.4,,14.1,9.4,35,0,,0,0,0,0,0
478360,E3BAF4,1995,9,14,74.6,1006.1,7.2,5.4,80.5,0,,0,0,0,0,0
722580,45D8B5,1969,3,26,25.5,1007.3,14.9,5.5,46.9,0,,0,0,0,0,0
725945,DAF5DE,1984,12,1,32.8,1012.9,27.9,3.4,41.8,0,,0,0,0,0,0
934340,D9BE9F,1987,6,30,40.1,,16.3,12.9,45.1,0.75,,0,0,0,0,0
832880,E93573,2000,8,6,53.8,,7.2,5.1,77.6,0,,0,0,0,0,0
313460,59F01A,1980,5,12,22.5,,22.4,8.7,33.8,0,,1,1,1,1,1
347310,1B4AEB,1958,3,11,37,,6.2,16,43.2,0.08,,0,0,0,0,0
76880,38FE53,1990,12,3,34.5,,18,20.1,49.1,0,,0,0,0,0,0
912500,2F4390,1953,6,17,74.8,1010,9.7,17.4,83.3,,,0,0,0,0,0
999999,106DF1,1968,5,4,38.1,985.5,9.2,10.2,42.1,,,0,0,0,0,0
680260,332A97,1983,6,2,38.2,,43.5,2.6,65.3,0,,0,0,0,0,0
765480,B6F669,1977,11,13,60.4,1023.2,14,1,66.2,0,,0,0,0,0,0
164100,AC0EC5,2005,12,4,49.1,,6.9,2.8,59.9,0.28,,0,0,0,0,0
219780,35D32E,1974,2,12,-47.5,,20.4,0,-43.3,0,,0,0,0,0,0
726498,4379,2008,12,1,24.2,,5.4,17.1,28.6,,,0,0,0,0,0
476620,9AF6AB,1986,8,3,68.4,,11.3,6.8,77.6,0,,0,0,0,0,0
762555,3648ED,1983,11,7,64.7,,13.9,5.4,76.7,0,,0,0,0,0,0
267810,90250,2008,7,17,63.4,980,4.5,2.7,66.3,0.2,,0,0,0,0,0
296050,1E6180,1983,7,16,42.4,,13.4,9.5,71.4,0,,0,0,0,0,0
718870,A9BB59,1996,3,25,8.2,988,29.7,3,30.9,0,,0,0,0,0,0
939470,440D52,2008,1,16,47.4,,,12.2,49.1,0.1,,0,0,0,0,0
95690,5E5E2A,1983,10,17,38.1,,,10.6,46.1,0,,0,0,0,0,0
509150,507AC1,1987,8,14,59.8,,15.1,7.5,62.9,0.29,,0,0,0,0,0
286980,5CEB55,1989,8,18,47.5,,13.4,7,60.7,0,,0,0,0,0,0
722810,DD421E,1989,8,27,51.5,,9.7,4.7,88.3,0,,0,0,0,0,0
715380,658F4F,1986,6,19,58.1,992.4,10.2,7,66,0.98,,1,1,1,1,1
527370,733E1F,1989,5,20,32.1,712.2,13.6,6.7,44.1,0.16,,0,0,0,0,0
994660,19F9FB,2003,6,1,,,,6.7,46.8,0,,0,0,0,0,0
612900,0A6F78,1957,9,25,72.5,,14.8,6.5,78.3,,,0,0,0,0,0
974300,B05047,2009,5,2,75.5,1006.6,6.2,5.6,84.6,0,,0,0,0,0,0
154360,BF65EA,1988,4,30,,,4,6,51.6,0,,0,0,0,0,0
14740,AFED7C,2005,6,4,48,966.7,3.3,2.4,51.6,0.2,,0,0,0,0,0
719493,810CC4,1990,11,16,4.1,,12.1,11.3,8.1,,,0,0,0,0,0
719590,B65508,1960,8,5,45.2,1010.2,9,9.8,47.6,0,,1,1,1,1,1
764120,0374D7,2005,6,20,72.5,1005.5,5.7,2.9,81.8,0,,0,0,0,0,0
722740,758D24,1976,3,13,34,929.6,45.6,5.5,52.2,0,,0,0,0,0,0
614210,038A8F,1977,4,17,45.7,,3.5,11.6,82,0,,0,0,0,0,0
