{"schemaVersion":"1.0","appDefinitionTemplate":{"id":"/providers/Microsoft.PowerApps/apps/","type":"Microsoft.PowerApps/apps","tags":{"primaryDeviceWidth":"1366","primaryDeviceHeight":"768","supportsPortrait":"true","supportsLandscape":"true","primaryFormFactor":"Tablet","showStatusBar":"false","publisherVersion":"3.24082.13","minimumRequiredApiVersion":"2.2.0","hasComponent":"true","hasUnlockedComponent":"true","isUnifiedRootApp":"false","sienaVersion":"20240821T073010Z-3.24082.13.0"},"properties":{"appVersion":"2024-08-21T07:30:10Z","lifeCycleId":"Published","createdByClientVersion":{"major":3,"minor":24082,"build":13,"revision":0,"majorRevision":0,"minorRevision":0},"minClientVersion":{"major":3,"minor":24082,"build":13,"revision":0,"majorRevision":0,"minorRevision":0},"backgroundColor":"RGBA(0,176,240,1)","backgroundImageUri":"/415971458736212730/Ne8f0fcd1-a5ad-41d3-a4e3-79780831109b-logoSmallFile","displayName":"Student Registration -New","description":"","commitMessage":"","appUris":{"documentUri":{"value":"/415971458736212730/N22435acc-48d3-4c4f-ae11-731cc970de59-document.msapp"},"imageUris":[],"additionalUris":[{"isSolutionAware":false,"value":"/415971458736212730/N508ff781-f3a8-497c-86d2-8c283f09f159-identity.json"}]},"createdTime":"0001-01-01T00:00:00Z","lastModifiedTime":"0001-01-01T00:00:00Z","sharedGroupsCount":0,"sharedUsersCount":0,"connectionReferences":{"1c4c93b2-0542-49c1-871d-e1cc2505b6fb":{"id":"87e82cd0-7dc8-49a6-b0ee-740452165887","displayName":"SharePoint","iconUri":"https://connectoricons-prod.azureedge.net/u/jayawan/releases/v1.0.1697/1.0.1697.3786/sharepointonline/icon.png","dataSources":["City and Branch","StudentInfo"],"dependencies":[],"dependents":[],"parameterHints":{},"parameterHintsV2":{},"isOnPremiseConnection":false,"bypassConsent":false,"dataSets":{"https://ameetz.sharepoint.com/sites/PowerAppsTraining-Vijay":{"dataSources":{"City and Branch":{"tableName":"d03e223a-c48a-42d6-959d-fc4223fb84b4"},"StudentInfo":{"tableName":"bb5d2bc4-7d79-48e8-bc44-892ae3a2ad20"}}}},"apiTier":"Standard","isCustomApiConnection":false,"actions":["providers/PowerPlatform.Governance/Operations/Read","providers/PowerPlatform.Governance/Operations/Write"]}},"databaseReferences":{},"almMode":"Environment","performanceOptimizationEnabled":false,"canConsumeAppPass":false,"enableModernRuntimeMode":false,"executionRestrictions":{"isTeamsOnly":false,"dataLossPreventionEvaluationResult":{"status":"Compliant","lastEvaluationDate":"2024-08-20T07:07:42.59703Z","violations":[],"violationsByPolicy":[],"violationErrorMessage":"The app uses the following connectors: ."}}},"appType":"ClassicCanvasApp","appComponents":[]}}