{"schemaVersion":"1.0","appDefinitionTemplate":{"id":"/providers/Microsoft.PowerApps/apps/","type":"Microsoft.PowerApps/apps","tags":{"primaryDeviceWidth":"1366","primaryDeviceHeight":"768","supportsPortrait":"true","supportsLandscape":"true","primaryFormFactor":"Tablet","showStatusBar":"false","publisherVersion":"3.24082.13","minimumRequiredApiVersion":"2.2.0","hasComponent":"false","hasUnlockedComponent":"false","isUnifiedRootApp":"false","sienaVersion":"20240820T181204Z-3.24082.13.0"},"properties":{"appVersion":"2024-08-20T18:12:04Z","lifeCycleId":"Published","createdByClientVersion":{"major":3,"minor":24082,"build":13,"revision":0,"majorRevision":0,"minorRevision":0},"minClientVersion":{"major":3,"minor":24082,"build":13,"revision":0,"majorRevision":0,"minorRevision":0},"backgroundColor":"RGBA(0,176,240,1)","backgroundImageUri":"/8432282441527369390/N2f5cc53d-0455-4896-be22-a7a3c2ec384b-logoSmallFile","displayName":"Student Registration","description":"","commitMessage":"","appUris":{"documentUri":{"value":"/8432282441527369390/N2b55576a-6fad-4ec8-aef9-981991193a01-document.msapp"},"imageUris":[],"additionalUris":[{"isSolutionAware":false,"value":"/8432282441527369390/N118d182d-96ea-4ddc-89e8-b9b0c429dd41-identity.json"}]},"createdTime":"0001-01-01T00:00:00Z","lastModifiedTime":"0001-01-01T00:00:00Z","sharedGroupsCount":0,"sharedUsersCount":0,"connectionReferences":{"1c4c93b2-0542-49c1-871d-e1cc2505b6fb":{"id":"97392a95-f12f-4a97-a5aa-29b9780bc4fa","displayName":"SharePoint","iconUri":"https://connectoricons-prod.azureedge.net/u/jayawan/releases/v1.0.1697/1.0.1697.3786/sharepointonline/icon.png","dataSources":["City and Branch","StudentInfo"],"dependencies":[],"dependents":[],"parameterHints":{},"parameterHintsV2":{},"isOnPremiseConnection":false,"bypassConsent":false,"dataSets":{"https://ameetz.sharepoint.com/sites/PowerAppsTraining-Vijay":{"dataSources":{"City and Branch":{"tableName":"d03e223a-c48a-42d6-959d-fc4223fb84b4"},"StudentInfo":{"tableName":"bb5d2bc4-7d79-48e8-bc44-892ae3a2ad20"}}}},"apiTier":"Standard","isCustomApiConnection":false,"actions":["providers/PowerPlatform.Governance/Operations/Read"]}},"databaseReferences":{},"almMode":"Solution","performanceOptimizationEnabled":false,"canConsumeAppPass":false,"enableModernRuntimeMode":false,"executionRestrictions":{"isTeamsOnly":false,"dataLossPreventionEvaluationResult":{"status":"Compliant","lastEvaluationDate":"2024-08-20T07:07:42.59703Z","violations":[],"violationsByPolicy":[],"violationErrorMessage":"The app uses the following connectors: ."}}},"appType":"ClassicCanvasApp","appComponents":[]}}